Poster_Link,Series_Title,Released_Year,Certificate,Runtime,Genre,IMDB_Rating,Overview,Meta_score,Director,Star1,Star2,Star3,Star4,No_of_Votes,Gross
"https://m.media-amazon.com/images/M/MV5BNTgwZmIzMmYtZjE3Yy00NzgzLTgxNmUtNjlmZDlkMzlhOTJkXkEyXkFqcGdeQXVyNjUwNzk3NDc@._V1_UX67_CR0,0,67,98_AL_.jpg",Midnight Cowboy,1969,A,113 min,Drama,7.8,"A naive hustler travels from Texas to New York City to seek personal fortune, finding a new friend in the process.",79,John Schlesinger,Dustin Hoffman,Jon Voight,Sylvia Miles,John McGiver,101124,"44,785,053"
"https://m.media-amazon.com/images/M/MV5BMTQyNTAzOTI3NF5BMl5BanBnXkFtZTcwNTM0Mjg0Mg@@._V1_UX67_CR0,0,67,98_AL_.jpg",Wait Until Dark,1967,,108 min,Thriller,7.8,A recently blinded woman is terrorized by a trio of thugs while they search for a heroin-stuffed doll they believe is in her apartment.,81,Terence Young,Audrey Hepburn,Alan Arkin,Richard Crenna,Efrem Zimbalist Jr.,27733,"17,550,741"
"https://m.media-amazon.com/images/M/MV5BZTVmMTk2NjUtNjVjNC00OTcwLWE4OWEtNzA4Mjk1ZmIwNDExXkEyXkFqcGdeQXVyNjUwNzk3NDc@._V1_UX67_CR0,0,67,98_AL_.jpg",Guess Who's Coming to Dinner,1967,,108 min,"Comedy, Drama",7.8,A couple's attitudes are challenged when their daughter introduces them to her African-American fiancé.,63,Stanley Kramer,Spencer Tracy,Sidney Poitier,Katharine Hepburn,Katharine Houghton,39642,"56,700,000"
"https://m.media-amazon.com/images/M/MV5BOTViZmMwOGEtYzc4Yy00ZGQ1LWFkZDQtMDljNGZlMjAxMjhiXkEyXkFqcGdeQXVyNzM0MTUwNTY@._V1_UX67_CR0,0,67,98_AL_.jpg",Bonnie and Clyde,1967,A,111 min,"Action, Biography, Crime",7.8,"Bored waitress Bonnie Parker falls in love with an ex-con named Clyde Barrow and together they start a violent crime spree through the country, stealing cars and robbing banks.",86,Arthur Penn,Warren Beatty,Faye Dunaway,Michael J. Pollard,Gene Hackman,102415,
"https://m.media-amazon.com/images/M/MV5BNGM0ZTU3NmItZmRmMy00YWNjLWEzMWItYzg3MzcwZmM5NjdiXkEyXkFqcGdeQXVyNDYyMDk5MTU@._V1_UY98_CR2,0,67,98_AL_.jpg",My Fair Lady,1964,U,170 min,"Drama, Family, Musical",7.8,Snobbish phonetics Professor Henry Higgins agrees to a wager that he can make flower girl Eliza Doolittle presentable in high society.,95,George Cukor,Audrey Hepburn,Rex Harrison,Stanley Holloway,Wilfrid Hyde-White,86525,"72,000,000"
"https://m.media-amazon.com/images/M/MV5BNmJkODczNjItNDI5Yy00MGI1LTkyOWItZDNmNjM4ZGI1ZDVlL2ltYWdlL2ltYWdlXkEyXkFqcGdeQXVyMDI2NDg0NQ@@._V1_UX67_CR0,0,67,98_AL_.jpg",Mary Poppins,1964,U,139 min,"Comedy, Family, Fantasy",7.8,"In turn of the century London, a magical nanny employs music and adventure to help two neglected children become closer to their father.",88,Robert Stevenson,Julie Andrews,Dick Van Dyke,David Tomlinson,Glynis Johns,158029,"102,272,727"
"https://m.media-amazon.com/images/M/MV5BZTM1ZjQ2YTktNDM2MS00NGY2LTkzNzItZTU4ODg1ODNkMWYxL2ltYWdlXkEyXkFqcGdeQXVyNjc1NTYyMjg@._V1_UX67_CR0,0,67,98_AL_.jpg",The Longest Day,1962,G,178 min,"Action, Drama, History",7.8,"The events of D-Day, told on a grand scale from both the Allied and German points of view.",75,Ken Annakin,Andrew Marton,Gerd Oswald,Bernhard Wicki,Darryl F. Zanuck,52141,"39,100,000"
"https://m.media-amazon.com/images/M/MV5BZTM1MTRiNDctMTFiMC00NGM1LTkyMWQtNTY1M2JjZDczOWQ3XkEyXkFqcGdeQXVyMDI3OTIzOA@@._V1_UY98_CR3,0,67,98_AL_.jpg",Jules et Jim,1962,,105 min,"Drama, Romance",7.8,Decades of a love triangle concerning two friends and an impulsive woman.,97,François Truffaut,Jeanne Moreau,Oskar Werner,Henri Serre,Vanna Urbino,37605,
"https://m.media-amazon.com/images/M/MV5BNGQyNjBjNTUtNTM1OS00YzcyLWFhNTgtNTU0MDg3NzBlMDQzXkEyXkFqcGdeQXVyNjc1NTYyMjg@._V1_UY98_CR0,0,67,98_AL_.jpg",The Innocents,1961,A,100 min,Horror,7.8,A young governess for two children becomes convinced that the house and grounds are haunted.,88,Jack Clayton,Deborah Kerr,Peter Wyngarde,Megs Jenkins,Michael Redgrave,27007,"2,616,000"
"https://m.media-amazon.com/images/M/MV5BNzk5MDk2MjktY2I3NS00ODZkLTk3OTktY2Q3ZDE2MmQ2M2ZmXkEyXkFqcGdeQXVyNjc1NTYyMjg@._V1_UY98_CR2,0,67,98_AL_.jpg",À bout de souffle,1960,U,90 min,"Crime, Drama",7.8,"A small-time thief steals a car and impulsively murders a motorcycle policeman. Wanted by the authorities, he reunites with a hip American journalism student and attempts to persuade her to run away with him to Italy.",,Jean-Luc Godard,Jean-Paul Belmondo,Jean Seberg,Daniel Boulanger,Henri-Jacques Huet,73251,"336,705"
"https://m.media-amazon.com/images/M/MV5BNzNiOGJhMDUtZjNjMC00YmE5LTk3NjQtNGM4ZjAzOGJjZmRlXkEyXkFqcGdeQXVyNjc1NTYyMjg@._V1_UX67_CR0,0,67,98_AL_.jpg",Red River,1948,Passed,133 min,"Action, Adventure, Drama",7.8,"Dunson leads a cattle drive, the culmination of over 14 years of work, to its destination in Missouri. But his tyrannical behavior along the way causes a mutiny, led by his adopted son.",,Howard Hawks,Arthur Rosson,John Wayne,Montgomery Clift,Joanne Dru,28167,
"https://m.media-amazon.com/images/M/MV5BODI3YzNiZTUtYjEyZS00ODkwLWE2ZDUtNGJmMTNiYTc4ZTM4XkEyXkFqcGdeQXVyMDI2NDg0NQ@@._V1_UX67_CR0,0,67,98_AL_.jpg",Key Largo,1948,,100 min,"Action, Crime, Drama",7.8,"A man visits his war buddy's family hotel and finds a gangster running things. As a hurricane approaches, the two end up confronting each other.",,John Huston,Humphrey Bogart,Edward G. Robinson,Lauren Bacall,Lionel Barrymore,36995,
"https://m.media-amazon.com/images/M/MV5BZGU2YmU0MWMtMzg5My00ZmY2LTljMDItMTg2YTI5Y2U2OTE3XkEyXkFqcGdeQXVyMjUxODE0MDY@._V1_UY98_CR0,0,67,98_AL_.jpg",To Have and Have Not,1944,PG,100 min,"Adventure, Comedy, Film-Noir",7.8,"During World War II, American expatriate Harry Morgan helps transport a French Resistance leader and his beautiful wife to Martinique while romancing a sensuous lounge singer.",,Howard Hawks,Humphrey Bogart,Lauren Bacall,Walter Brennan,Dolores Moran,31053,
"https://m.media-amazon.com/images/M/MV5BM2I1YWM4NTYtYjA0Ny00ZDEwLTg3NTgtNzBjMzZhZTk1YTA1XkEyXkFqcGdeQXVyMTY5Nzc4MDY@._V1_UX67_CR0,0,67,98_AL_.jpg",Shadow of a Doubt,1943,PG,108 min,"Film-Noir, Thriller",7.8,"A young girl, overjoyed when her favorite uncle comes to visit the family, slowly begins to suspect that he is in fact the ""Merry Widow"" killer sought by the authorities.",94,Alfred Hitchcock,Teresa Wright,Joseph Cotten,Macdonald Carey,Henry Travers,59556,
"https://m.media-amazon.com/images/M/MV5BOGQ4NDUyNWQtZTEyOC00OTMzLWFhYjAtNDNmYmQ2MWQyMTRmXkEyXkFqcGdeQXVyNTA4NzY1MzY@._V1_UX67_CR0,0,67,98_AL_.jpg",Stagecoach,1939,Passed,96 min,"Adventure, Drama, Western",7.8,A group of people traveling on a stagecoach find their journey complicated by the threat of Geronimo and learn something about each other in the process.,93,John Ford,John Wayne,Claire Trevor,Andy Devine,John Carradine,43621,
"https://m.media-amazon.com/images/M/MV5BNjk3YzFjYTktOGY0ZS00Y2EwLTk2NTctYTI1Nzc2OWNiN2I4XkEyXkFqcGdeQXVyNzM0MTUwNTY@._V1_UX67_CR0,0,67,98_AL_.jpg",The Lady Vanishes,1938,,96 min,"Mystery, Thriller",7.8,"While travelling in continental Europe, a rich young playgirl realizes that an elderly lady seems to have disappeared from the train.",98,Alfred Hitchcock,Margaret Lockwood,Michael Redgrave,Paul Lukas,May Whitty,47400,
"https://m.media-amazon.com/images/M/MV5BMmVkOTRiYmItZjE4NS00MWNjLWE0ZmMtYzg5YzFjMjMyY2RkXkEyXkFqcGdeQXVyNjc1NTYyMjg@._V1_UX67_CR0,0,67,98_AL_.jpg",Bringing Up Baby,1938,Passed,102 min,"Comedy, Family, Romance",7.8,"While trying to secure a $1 million donation for his museum, a befuddled paleontologist is pursued by a flighty and often irritating heiress and her pet leopard, Baby.",91,Howard Hawks,Katharine Hepburn,Cary Grant,Charles Ruggles,Walter Catlett,55163,
"https://m.media-amazon.com/images/M/MV5BOTUzMzAzMzEzNV5BMl5BanBnXkFtZTgwOTg1NTAwMjE@._V1_UX67_CR0,0,67,98_AL_.jpg",Bride of Frankenstein,1935,,75 min,"Drama, Horror, Sci-Fi",7.8,"Mary Shelley reveals the main characters of her novel survived: Dr. Frankenstein, goaded by an even madder scientist, builds his monster a mate.",95,James Whale,Boris Karloff,Elsa Lanchester,Colin Clive,Valerie Hobson,43542,"4,360,000"
"https://m.media-amazon.com/images/M/MV5BYmYxZGU2NWYtNzQxZS00NmEyLWIzN2YtMDk5MWM0ODc5ZTE4XkEyXkFqcGdeQXVyNTA4NzY1MzY@._V1_UX67_CR0,0,67,98_AL_.jpg",Duck Soup,1933,,69 min,"Comedy, Musical, War",7.8,Rufus T. Firefly is named president/dictator of bankrupt Freedonia and declares war on neighboring Sylvania over the love of wealthy Mrs. Teasdale.,93,Leo McCarey,Groucho Marx,Harpo Marx,Chico Marx,Zeppo Marx,55581,
"https://m.media-amazon.com/images/M/MV5BYmMxZTU2ZDUtM2Y1MS00ZWFmLWJlN2UtNzI0OTJiOTYzMTk3XkEyXkFqcGdeQXVyMjUxODE0MDY@._V1_UX67_CR0,0,67,98_AL_.jpg",Scarface: The Shame of the Nation,1932,PG,93 min,"Action, Crime, Drama",7.8,"An ambitious and nearly insane violent gangster climbs the ladder of success in the mob, but his weaknesses prove to be his downfall.",87,Howard Hawks,Richard Rosson,Paul Muni,Ann Dvorak,Karen Morley,25312,
"https://m.media-amazon.com/images/M/MV5BMTQ0Njc1MjM0OF5BMl5BanBnXkFtZTgwNTY2NTUyMjE@._V1_UX67_CR0,0,67,98_AL_.jpg",Frankenstein,1931,Passed,70 min,"Drama, Horror, Sci-Fi",7.8,Dr. Frankenstein dares to tamper with life and death by creating a human monster out of lifeless body parts.,91,James Whale,Colin Clive,Mae Clarke,Boris Karloff,John Boles,65341,
"https://m.media-amazon.com/images/M/MV5BMTU0OTc3ODk4Ml5BMl5BanBnXkFtZTgwMzM4NzI5NjM@._V1_UX67_CR0,0,67,98_AL_.jpg",Roma,2018,R,135 min,Drama,7.7,A year in the life of a middle-class family's maid in Mexico City in the early 1970s.,96,Alfonso Cuarón,Yalitza Aparicio,Marina de Tavira,Diego Cortina Autrey,Carlos Peralta,140375,
"https://m.media-amazon.com/images/M/MV5BNjRhYzk2NDAtYzA1Mi00MmNmLWE1ZjQtMDBhZmUyMTdjZjBiXkEyXkFqcGdeQXVyNjk1Njg5NTA@._V1_UX67_CR0,0,67,98_AL_.jpg",God's Own Country,2017,,104 min,"Drama, Romance",7.7,"Spring. Yorkshire. Young farmer Johnny Saxby numbs his daily frustrations with binge drinking and casual sex, until the arrival of a Romanian migrant worker for lambing season ignites an intense relationship that sets Johnny on a new path.",85,Francis Lee,Josh O'Connor,Alec Secareanu,Gemma Jones,Ian Hart,25198,"335,609"
"https://m.media-amazon.com/images/M/MV5BNjk1Njk3YjctMmMyYS00Y2I4LThhMzktN2U0MTMyZTFlYWQ5XkEyXkFqcGdeQXVyODM2ODEzMDA@._V1_UY98_CR15,0,67,98_AL_.jpg",Deadpool 2,2018,R,119 min,"Action, Adventure, Comedy",7.7,"Foul-mouthed mutant mercenary Wade Wilson (a.k.a. Deadpool), brings together a team of fellow mutant rogues to protect a young boy with supernatural abilities from the brutal, time-traveling cyborg Cable.",66,David Leitch,Ryan Reynolds,Josh Brolin,Morena Baccarin,Julian Dennison,478586,"324,591,735"
"https://m.media-amazon.com/images/M/MV5BMTUyMjU1OTUwM15BMl5BanBnXkFtZTgwMDg1NDQ2MjI@._V1_UX67_CR0,0,67,98_AL_.jpg",Wind River,2017,R,107 min,"Crime, Drama, Mystery",7.7,A veteran hunter helps an FBI agent investigate the murder of a young woman on a Wyoming Native American reservation.,73,Taylor Sheridan,Kelsey Asbille,Jeremy Renner,Julia Jones,Teo Briones,205444,"33,800,859"
"https://m.media-amazon.com/images/M/MV5BMjUxMDQwNjcyNl5BMl5BanBnXkFtZTgwNzcwMzc0MTI@._V1_UX67_CR0,0,67,98_AL_.jpg",Get Out,2017,R,104 min,"Horror, Mystery, Thriller",7.7,"A young African-American visits his white girlfriend's parents for the weekend, where his simmering uneasiness about their reception of him eventually reaches a boiling point.",85,Jordan Peele,Daniel Kaluuya,Allison Williams,Bradley Whitford,Catherine Keener,492851,"176,040,665"
"https://m.media-amazon.com/images/M/MV5BNjRlZmM0ODktY2RjNS00ZDdjLWJhZGYtNDljNWZkMGM5MTg0XkEyXkFqcGdeQXVyNjAwMjI5MDk@._V1_UX67_CR0,0,67,98_AL_.jpg",Mission: Impossible - Fallout,2018,UA,147 min,"Action, Adventure, Thriller",7.7,"Ethan Hunt and his IMF team, along with some familiar allies, race against time after a mission gone wrong.",86,Christopher McQuarrie,Tom Cruise,Henry Cavill,Ving Rhames,Simon Pegg,291257,"220,159,104"
"https://m.media-amazon.com/images/M/MV5BMjE0NDUyOTc2MV5BMl5BanBnXkFtZTgwODk2NzU3OTE@._V1_UX67_CR0,0,67,98_AL_.jpg",En man som heter Ove,2015,PG-13,116 min,"Comedy, Drama, Romance",7.7,"Ove, an ill-tempered, isolated retiree who spends his days enforcing block association rules and visiting his wife's grave, has finally given up on life just as an unlikely friendship develops with his boisterous new neighbors.",70,Hannes Holm,Rolf Lassgård,Bahar Pars,Filip Berg,Ida Engvoll,47444,"3,358,518"
"https://m.media-amazon.com/images/M/MV5BMjAwNDA5NzEwM15BMl5BanBnXkFtZTgwMTA1MDUyNDE@._V1_UX67_CR0,0,67,98_AL_.jpg",What We Do in the Shadows,2014,R,86 min,"Comedy, Horror",7.7,"Viago, Deacon and Vladislav are vampires who are finding that modern life has them struggling with the mundane - like paying rent, keeping up with the chore wheel, trying to get into nightclubs and overcoming flatmate conflicts.",76,Jemaine Clement,Taika Waititi,Jemaine Clement,Taika Waititi,Cori Gonzalez-Macuer,157498,"3,333,000"
"https://m.media-amazon.com/images/M/MV5BZTlmYTJmMWEtNDRhNy00ODc1LTg2OTMtMjk2ODJhNTA4YTE1XkEyXkFqcGdeQXVyMTMxODk2OTU@._V1_UY98_CR0,0,67,98_AL_.jpg",Omoide no Mânî,2014,U,103 min,"Animation, Drama, Family",7.7,"Due to 12 y.o. Anna's asthma, she's sent to stay with relatives of her guardian in the Japanese countryside. She likes to be alone, sketching. She befriends Marnie. Who is the mysterious, blonde Marnie.",72,James Simone,Hiromasa Yonebayashi,Sara Takatsuki,Kasumi Arimura,Nanako Matsushima,32798,"765,127"
"https://m.media-amazon.com/images/M/MV5BMTAwMTU4MDA3NDNeQTJeQWpwZ15BbWU4MDk4NTMxNTIx._V1_UX67_CR0,0,67,98_AL_.jpg",The Theory of Everything,2014,U,123 min,"Biography, Drama, Romance",7.7,A look at the relationship between the famous physicist Stephen Hawking and his wife.,72,James Marsh,Eddie Redmayne,Felicity Jones,Tom Prior,Sophie Perry,404182,"35,893,537"
"https://m.media-amazon.com/images/M/MV5BYTM3ZTllNzItNTNmOS00NzJiLTg1MWMtMjMxNDc0NmJhODU5XkEyXkFqcGdeQXVyODE5NzE3OTE@._V1_UX67_CR0,0,67,98_AL_.jpg",Kingsman: The Secret Service,2014,A,129 min,"Action, Adventure, Comedy",7.7,"A spy organisation recruits a promising street kid into the agency's training program, while a global threat emerges from a twisted tech genius.",60,Matthew Vaughn,Colin Firth,Taron Egerton,Samuel L. Jackson,Michael Caine,590440,"128,261,724"
"https://m.media-amazon.com/images/M/MV5BNTVkMTFiZWItOTFkOC00YTc3LWFhYzQtZTg3NzAxZjJlNTAyXkEyXkFqcGdeQXVyODE5NzE3OTE@._V1_UX67_CR0,0,67,98_AL_.jpg",The Fault in Our Stars,2014,UA,126 min,"Drama, Romance",7.7,Two teenage cancer patients begin a life-affirming journey to visit a reclusive author in Amsterdam.,69,Josh Boone,Shailene Woodley,Ansel Elgort,Nat Wolff,Laura Dern,344312,"124,872,350"
"https://m.media-amazon.com/images/M/MV5BNTA1NzUzNjY4MV5BMl5BanBnXkFtZTgwNDU0MDI0NTE@._V1_UX67_CR0,0,67,98_AL_.jpg",Me and Earl and the Dying Girl,2015,PG-13,105 min,"Comedy, Drama",7.7,"High schooler Greg, who spends most of his time making parodies of classic movies with his co-worker Earl, finds his outlook forever altered after befriending a classmate who has just been diagnosed with cancer.",74,Alfonso Gomez-Rejon,Thomas Mann,RJ Cyler,Olivia Cooke,Nick Offerman,123210,"6,743,776"
"https://m.media-amazon.com/images/M/MV5BODAzNDMxMzAxOV5BMl5BanBnXkFtZTgwMDMxMjA4MjE@._V1_UX67_CR0,0,67,98_AL_.jpg",Birdman or (The Unexpected Virtue of Ignorance),2014,A,119 min,"Comedy, Drama",7.7,"A washed-up superhero actor attempts to revive his fading career by writing, directing, and starring in a Broadway production.",87,Alejandro G. Iñárritu,Michael Keaton,Zach Galifianakis,Edward Norton,Andrea Riseborough,580291,"42,340,598"
"https://m.media-amazon.com/images/M/MV5BMTQ5NTg5ODk4OV5BMl5BanBnXkFtZTgwODc4MTMzMDE@._V1_UX67_CR0,0,67,98_AL_.jpg",La vie d'Adèle,2013,A,180 min,"Drama, Romance",7.7,"Adèle's life is changed when she meets Emma, a young woman with blue hair, who will allow her to discover desire and to assert herself as a woman and as an adult. In front of others, Adèle grows, seeks herself, loses herself, and ultimately finds herself through love and loss.",89,Abdellatif Kechiche,Léa Seydoux,Adèle Exarchopoulos,Salim Kechiouche,Aurélien Recoing,138741,"2,199,675"
"https://m.media-amazon.com/images/M/MV5BMTgwNTAwMjEzMF5BMl5BanBnXkFtZTcwNzMzODY4OA@@._V1_UY98_CR3,0,67,98_AL_.jpg",Kai po che!,2013,U,130 min,"Drama, Sport",7.7,Three friends growing up in India at the turn of the millennium set out to open a training academy to produce the country's next cricket stars.,40,Abhishek Kapoor,Amit Sadh,Sushant Singh Rajput,Rajkummar Rao,Amrita Puri,32628,"1,122,527"
"https://m.media-amazon.com/images/M/MV5BMTQzMzg2Nzg2MF5BMl5BanBnXkFtZTgwNjUzNzIzMDE@._V1_UX67_CR0,0,67,98_AL_.jpg",The Broken Circle Breakdown,2012,,111 min,"Drama, Music, Romance",7.7,"Elise and Didier fall in love at first sight, in spite of their differences. He talks, she listens. He's a romantic atheist, she's a religious realist. When their daughter becomes seriously ill, their love is put on trial.",70,Felix van Groeningen,Veerle Baetens,Johan Heldenbergh,Nell Cattrysse,Geert Van Rampelberg,39379,"175,058"
"https://m.media-amazon.com/images/M/MV5BMzA2NDkwODAwM15BMl5BanBnXkFtZTgwODk5MTgzMTE@._V1_UY98_CR0,0,67,98_AL_.jpg",Captain America: The Winter Soldier,2014,UA,136 min,"Action, Adventure, Sci-Fi",7.7,"As Steve Rogers struggles to embrace his role in the modern world, he teams up with a fellow Avenger and S.H.I.E.L.D agent, Black Widow, to battle a new threat from history: an assassin known as the Winter Soldier.",70,Anthony Russo,Joe Russo,Chris Evans,Samuel L. Jackson,Scarlett Johansson,736182,"259,766,572"
"https://m.media-amazon.com/images/M/MV5BOTc3NzAxMjg4M15BMl5BanBnXkFtZTcwMDc2ODQwNw@@._V1_UY98_CR3,0,67,98_AL_.jpg",Rockstar,2011,UA,159 min,"Drama, Music, Musical",7.7,"Janardhan Jakhar chases his dreams of becoming a big Rock star, during which he falls in love with Heer.",,Imtiaz Ali,Ranbir Kapoor,Nargis Fakhri,Shammi Kapoor,Kumud Mishra,39501,"985,912"
"https://m.media-amazon.com/images/M/MV5BOGQzODdlMDktNzU4ZC00N2M3LWFkYTAtYTM1NTE0ZWI5YTg4XkEyXkFqcGdeQXVyMTA1NTM1NDI2._V1_UX67_CR0,0,67,98_AL_.jpg",Nebraska,2013,UA,115 min,"Adventure, Comedy, Drama",7.7,"An aging, booze-addled father makes the trip from Montana to Nebraska with his estranged son in order to claim a million-dollar Mega Sweepstakes Marketing prize.",87,Alexander Payne,Bruce Dern,Will Forte,June Squibb,Bob Odenkirk,112298,"17,654,912"
"https://m.media-amazon.com/images/M/MV5BNzMxNTExOTkyMF5BMl5BanBnXkFtZTcwMzEyNDc0OA@@._V1_UX67_CR0,0,67,98_AL_.jpg",Wreck-It Ralph,2012,U,101 min,"Animation, Adventure, Comedy",7.7,"A video game villain wants to be a hero and sets out to fulfill his dream, but his quest brings havoc to the whole arcade where he lives.",72,Rich Moore,John C. Reilly,Jack McBrayer,Jane Lynch,Sarah Silverman,380195,"189,422,889"
"https://m.media-amazon.com/images/M/MV5BNjg0OTM5OTQyNV5BMl5BanBnXkFtZTgwNDg5NDQ0NTE@._V1_UY98_CR2,0,67,98_AL_.jpg",Le Petit Prince,2015,PG,108 min,"Animation, Adventure, Drama",7.7,"A little girl lives in a very grown-up world with her mother, who tries to prepare her for it. Her neighbor, the Aviator, introduces the girl to an extraordinary world where anything is possible, the world of the Little Prince.",70,Mark Osborne,Jeff Bridges,Mackenzie Foy,Rachel McAdams,Marion Cotillard,56720,"1,339,152"
"https://m.media-amazon.com/images/M/MV5BMTM3NzQzMDA5Ml5BMl5BanBnXkFtZTcwODA5NTcyNw@@._V1_UY98_CR0,0,67,98_AL_.jpg",Detachment,2011,,98 min,Drama,7.7,A substitute teacher who drifts from classroom to classroom finds a connection to the students and teachers during his latest assignment.,52,Tony Kaye,Adrien Brody,Christina Hendricks,Marcia Gay Harden,Lucy Liu,77071,"71,177"
"https://m.media-amazon.com/images/M/MV5BMTM4NjY1MDQwMl5BMl5BanBnXkFtZTcwNTI3Njg3NA@@._V1_UX67_CR0,0,67,98_AL_.jpg",Midnight in Paris,2011,PG-13,96 min,"Comedy, Fantasy, Romance",7.7,"While on a trip to Paris with his fiancée's family, a nostalgic screenwriter finds himself mysteriously going back to the 1920s every day at midnight.",81,Woody Allen,Owen Wilson,Rachel McAdams,Kathy Bates,Kurt Fuller,388089,"56,816,662"
"https://m.media-amazon.com/images/M/MV5BMTg4MDk1ODExN15BMl5BanBnXkFtZTgwNzIyNjg3MDE@._V1_UX67_CR0,0,67,98_AL_.jpg",The Lego Movie,2014,U,100 min,"Animation, Action, Adventure",7.7,"An ordinary LEGO construction worker, thought to be the prophesied as ""special"", is recruited to join a quest to stop an evil tyrant from gluing the LEGO universe into eternal stasis.",83,Christopher Miller,Phil Lord,Chris Pratt,Will Ferrell,Elizabeth Banks,323982,"257,760,692"
"https://m.media-amazon.com/images/M/MV5BNjE5MzYwMzYxMF5BMl5BanBnXkFtZTcwOTk4MTk0OQ@@._V1_UX67_CR0,0,67,98_AL_.jpg",Gravity,2013,UA,91 min,"Drama, Sci-Fi, Thriller",7.7,Two astronauts work together to survive after an accident leaves them stranded in space.,96,Alfonso Cuarón,Sandra Bullock,George Clooney,Ed Harris,Orto Ignatiussen,769145,"274,092,705"
"https://m.media-amazon.com/images/M/MV5BMTk2NzczOTgxNF5BMl5BanBnXkFtZTcwODQ5ODczOQ@@._V1_UX67_CR0,0,67,98_AL_.jpg",Star Trek Into Darkness,2013,UA,132 min,"Action, Adventure, Sci-Fi",7.7,"After the crew of the Enterprise find an unstoppable force of terror from within their own organization, Captain Kirk leads a manhunt to a war-zone world to capture a one-man weapon of mass destruction.",72,J.J. Abrams,Chris Pine,Zachary Quinto,Zoe Saldana,Benedict Cumberbatch,463188,"228,778,661"
"https://m.media-amazon.com/images/M/MV5BMTYwMzMzMDI0NF5BMl5BanBnXkFtZTgwNDQ3NjI3NjE@._V1_UX67_CR0,0,67,98_AL_.jpg",Beasts of No Nation,2015,,137 min,"Drama, War",7.7,"A drama based on the experiences of Agu, a child soldier fighting in the civil war of an unnamed African country.",79,Cary Joji Fukunaga,Abraham Attah,Emmanuel Affadzi,Ricky Adelayitor,Andrew Adote,73964,"83,861"
"https://m.media-amazon.com/images/M/MV5BOGUyZDUxZjEtMmIzMC00MzlmLTg4MGItZWJmMzBhZjE0Mjc1XkEyXkFqcGdeQXVyMTMxODk2OTU@._V1_UX67_CR0,0,67,98_AL_.jpg",The Social Network,2010,UA,120 min,"Biography, Drama",7.7,"As Harvard student Mark Zuckerberg creates the social networking site that would become known as Facebook, he is sued by the twins who claimed he stole their idea, and by the co-founder who was later squeezed out of the business.",95,David Fincher,Jesse Eisenberg,Andrew Garfield,Justin Timberlake,Rooney Mara,624982,"96,962,694"
"https://m.media-amazon.com/images/M/MV5BMTg5OTMxNzk4Nl5BMl5BanBnXkFtZTcwOTk1MjAwNQ@@._V1_UX67_CR0,0,67,98_AL_.jpg",X: First Class,2011,UA,131 min,"Action, Adventure, Sci-Fi",7.7,"In the 1960s, superpowered humans Charles Xavier and Erik Lensherr work together to find others like them, but Erik's vengeful pursuit of an ambitious mutant who ruined his life causes a schism to divide them.",65,Matthew Vaughn,James McAvoy,Michael Fassbender,Jennifer Lawrence,Kevin Bacon,645512,"146,408,305"
"https://m.media-amazon.com/images/M/MV5BNGQwZjg5YmYtY2VkNC00NzliLTljYTctNzI5NmU3MjE2ODQzXkEyXkFqcGdeQXVyNzkwMjQ5NzM@._V1_UX67_CR0,0,67,98_AL_.jpg",The Hangover,2009,UA,100 min,Comedy,7.7,"Three buddies wake up from a bachelor party in Las Vegas, with no memory of the previous night and the bachelor missing. They make their way around the city in order to find their friend before his wedding.",73,Todd Phillips,Zach Galifianakis,Bradley Cooper,Justin Bartha,Ed Helms,717559,"277,322,503"
"https://m.media-amazon.com/images/M/MV5BMWZiNjE2OWItMTkwNy00ZWQzLWI0NTgtMWE0NjNiYTljN2Q1XkEyXkFqcGdeQXVyNzAwMjYxMzA@._V1_UX67_CR0,0,67,98_AL_.jpg",Skyfall,2012,UA,143 min,"Action, Adventure, Thriller",7.7,"James Bond's loyalty to M is tested when her past comes back to haunt her. When MI6 comes under attack, 007 must track down and destroy the threat, no matter how personal the cost.",81,Sam Mendes,Daniel Craig,Javier Bardem,Naomie Harris,Judi Dench,630614,"304,360,277"
"https://m.media-amazon.com/images/M/MV5BMTM2MTI5NzA3MF5BMl5BanBnXkFtZTcwODExNTc0OA@@._V1_UX67_CR0,0,67,98_AL_.jpg",Silver Linings Playbook,2012,A,122 min,"Comedy, Drama, Romance",7.7,"After a stint in a mental institution, former teacher Pat Solitano moves back in with his parents and tries to reconcile with his ex-wife. Things get more challenging when Pat meets Tiffany, a mysterious girl with problems of her own.",81,David O. Russell,Bradley Cooper,Jennifer Lawrence,Robert De Niro,Jacki Weaver,661871,"132,092,958"
"https://m.media-amazon.com/images/M/MV5BNzljNjY3MDYtYzc0Ni00YjU0LWIyNDUtNTE0ZDRiMGExMjZlXkEyXkFqcGdeQXVyMTMxODk2OTU@._V1_UX67_CR0,0,67,98_AL_.jpg",Argo,2012,A,120 min,"Biography, Drama, Thriller",7.7,"Acting under the cover of a Hollywood producer scouting a location for a science fiction film, a CIA agent launches a dangerous operation to rescue six Americans in Tehran during the U.S. hostage crisis in Iran in 1979.",86,Ben Affleck,Ben Affleck,Bryan Cranston,John Goodman,Alan Arkin,572581,"136,025,503"
"https://m.media-amazon.com/images/M/MV5BMTk5MjM4OTU1OV5BMl5BanBnXkFtZTcwODkzNDIzMw@@._V1_UX67_CR0,0,67,98_AL_.jpg",(500) Days of Summer,2009,UA,95 min,"Comedy, Drama, Romance",7.7,"An offbeat romantic comedy about a woman who doesn't believe true love exists, and the young man who falls for her.",76,Marc Webb,Zooey Deschanel,Joseph Gordon-Levitt,Geoffrey Arend,Chloë Grace Moretz,472242,"32,391,374"
"https://m.media-amazon.com/images/M/MV5BMTQ2OTE1Mjk0N15BMl5BanBnXkFtZTcwODE3MDAwNA@@._V1_UX67_CR0,0,67,98_AL_.jpg",Harry Potter and the Deathly Hallows: Part 1,2010,A,146 min,"Adventure, Family, Fantasy",7.7,"As Harry, Ron, and Hermione race against time and evil to destroy the Horcruxes, they uncover the existence of the three most powerful objects in the wizarding world: the Deathly Hallows.",65,David Yates,Daniel Radcliffe,Emma Watson,Rupert Grint,Bill Nighy,479120,"295,983,305"
"https://m.media-amazon.com/images/M/MV5BOTc3YmM3N2QtODZkMC00ZDE5LThjMTQtYTljN2Y1YTYwYWJkXkEyXkFqcGdeQXVyODEzNjM5OTQ@._V1_UX67_CR0,0,67,98_AL_.jpg",Gake no ue no Ponyo,2008,U,101 min,"Animation, Adventure, Comedy",7.7,"A five-year-old boy develops a relationship with Ponyo, a young goldfish princess who longs to become a human after falling in love with him.",86,Hayao Miyazaki,Cate Blanchett,Matt Damon,Liam Neeson,Tomoko Yamaguchi,125317,"15,090,400"
"https://m.media-amazon.com/images/M/MV5BOTY4NTU2NTU4NF5BMl5BanBnXkFtZTcwNjE0OTc5MQ@@._V1_UX67_CR0,0,67,98_AL_.jpg",Frost/Nixon,2008,R,122 min,"Biography, Drama, History",7.7,A dramatic retelling of the post-Watergate television interviews between British talk-show host David Frost and former president Richard Nixon.,80,Ron Howard,Frank Langella,Michael Sheen,Kevin Bacon,Sam Rockwell,103330,"18,593,156"
"https://m.media-amazon.com/images/M/MV5BNDliMTMxOWEtODM3Yi00N2QwLTg4YTAtNTE5YzBlNTA2NjhlXkEyXkFqcGdeQXVyNjE5MjUyOTM@._V1_UX67_CR0,0,67,98_AL_.jpg",Papurika,2006,U,90 min,"Animation, Drama, Fantasy",7.7,"When a machine that allows therapists to enter their patients' dreams is stolen, all Hell breaks loose. Only a young female therapist, Paprika, can stop it.",81,Satoshi Kon,Megumi Hayashibara,Tôru Emori,Katsunosuke Hori,Tôru Furuya,71379,"881,302"
"https://m.media-amazon.com/images/M/MV5BOTA1Mzg3NjIxNV5BMl5BanBnXkFtZTcwNzU2NTc5MQ@@._V1_UX67_CR0,0,67,98_AL_.jpg",Changeling,2008,R,141 min,"Biography, Crime, Drama",7.7,Grief-stricken mother Christine Collins (Angelina Jolie) takes on the L.A.P.D. to her own detriment when it tries to pass off an obvious impostor as her missing child.,63,Clint Eastwood,Angelina Jolie,Colm Feore,Amy Ryan,Gattlin Griffith,239203,"35,739,802"
"https://m.media-amazon.com/images/M/MV5BMTU2NjQ1Nzc4MF5BMl5BanBnXkFtZTcwNTM0NDk1Mw@@._V1_UX67_CR0,0,67,98_AL_.jpg",Flipped,2010,PG,90 min,"Comedy, Drama, Romance",7.7,Two eighth-graders start to have feelings for each other despite being total opposites.,45,Rob Reiner,Madeline Carroll,Callan McAuliffe,Rebecca De Mornay,Anthony Edwards,81446,"1,752,214"
"https://m.media-amazon.com/images/M/MV5BMzA4ZGM1NjYtMjcxYS00MTdiLWJmNzEtMTUzODY0NDQ0YzUzXkEyXkFqcGdeQXVyMzYwMjQ3OTI@._V1_UY98_CR1,0,67,98_AL_.jpg",Toki o kakeru shôjo,2006,U,98 min,"Animation, Adventure, Comedy",7.7,"A high-school girl named Makoto acquires the power to travel back in time, and decides to use it for her own personal benefits. Little does she know that she is affecting the lives of others just as much as she is her own.",,Mamoru Hosoda,Riisa Naka,Takuya Ishida,Mitsutaka Itakura,Ayami Kakiuchi,60368,
"https://m.media-amazon.com/images/M/MV5BZDNlNjEzMzQtZDM0MS00YzhiLTk0MGUtYTdmNDZiZGVjNTk0L2ltYWdlXkEyXkFqcGdeQXVyNTAyODkwOQ@@._V1_UY98_CR1,0,67,98_AL_.jpg",Death Note: Desu nôto,2006,,126 min,"Crime, Drama, Fantasy",7.7,"A battle between the world's two greatest minds begins when Light Yagami finds the Death Note, a notebook with the power to kill, and decides to rid the world of criminals.",,Shûsuke Kaneko,Tatsuya Fujiwara,Ken'ichi Matsuyama,Asaka Seto,Yû Kashii,28630,
"https://m.media-amazon.com/images/M/MV5BMmE3OWZhZDYtOTBjMi00NDIwLTg1NWMtMjg0NjJmZWM4MjliL2ltYWdlXkEyXkFqcGdeQXVyNTAyODkwOQ@@._V1_UX67_CR0,0,67,98_AL_.jpg",This Is England,2006,,101 min,"Crime, Drama",7.7,"A young boy becomes friends with a gang of skinheads. Friends soon become like family, and relationships will be pushed to the very limit.",86,Shane Meadows,Thomas Turgoose,Stephen Graham,Jo Hartley,Andrew Shim,115576,"327,919"
"https://m.media-amazon.com/images/M/MV5BMTUxNzc0OTIxMV5BMl5BanBnXkFtZTgwNDI3NzU2NDE@._V1_UX67_CR0,0,67,98_AL_.jpg",Ex Machina,2014,UA,108 min,"Drama, Sci-Fi, Thriller",7.7,A young programmer is selected to participate in a ground-breaking experiment in synthetic intelligence by evaluating the human qualities of a highly advanced humanoid A.I.,78,Alex Garland,Alicia Vikander,Domhnall Gleeson,Oscar Isaac,Sonoya Mizuno,474141,"25,442,958"
"https://m.media-amazon.com/images/M/MV5BMjIxODEyOTQ5Ml5BMl5BanBnXkFtZTcwNjE3NzI5Mw@@._V1_UY98_CR1,0,67,98_AL_.jpg",Efter brylluppet,2006,R,120 min,Drama,7.7,"A manager of an orphanage in India is sent to Copenhagen, Denmark, where he discovers a life-altering family secret.",78,Susanne Bier,Mads Mikkelsen,Sidse Babett Knudsen,Rolf Lassgård,Neeral Mulchandani,32001,"412,544"
"https://m.media-amazon.com/images/M/MV5BMjM1NTkxNjkzMl5BMl5BanBnXkFtZTgwNDgwMDAxMzE@._V1_UY98_CR1,0,67,98_AL_.jpg",The Last King of Scotland,2006,R,123 min,"Biography, Drama, History",7.7,Based on the events of the brutal Ugandan dictator Idi Amin's regime as seen by his personal physician during the 1970s.,74,Kevin Macdonald,James McAvoy,Forest Whitaker,Gillian Anderson,Kerry Washington,175355,"17,605,861"
"https://m.media-amazon.com/images/M/MV5BN2UwNDc5NmEtNjVjZS00OTI5LWE5YjctMWM3ZjBiZGYwMGI2XkEyXkFqcGdeQXVyNzkwMjQ5NzM@._V1_UX67_CR0,0,67,98_AL_.jpg",Zodiac,2007,UA,157 min,"Crime, Drama, Mystery",7.7,"In the late 1960s/early 1970s, a San Francisco cartoonist becomes an amateur detective obsessed with tracking down the Zodiac Killer, an unidentified individual who terrorizes Northern California with a killing spree.",78,David Fincher,Jake Gyllenhaal,Robert Downey Jr.,Mark Ruffalo,Anthony Edwards,466080,"33,080,084"
"https://m.media-amazon.com/images/M/MV5BZjczMWI1YWMtYTZjOS00ZDc5LWE2MWItMTY3ZGUxNzFkNjJmL2ltYWdlXkEyXkFqcGdeQXVyNjU0OTQ0OTY@._V1_UX67_CR0,0,67,98_AL_.jpg",Lucky Number Slevin,2006,R,110 min,"Action, Crime, Drama",7.7,"A case of mistaken identity lands Slevin into the middle of a war being plotted by two of the city's most rival crime bosses. Under constant surveillance by Detective Brikowski and assassin Goodkat, he must get them before they get him.",53,Paul McGuigan,Josh Hartnett,Ben Kingsley,Morgan Freeman,Lucy Liu,299524,"22,494,487"
"https://m.media-amazon.com/images/M/MV5BMTQyODczNjU3NF5BMl5BanBnXkFtZTcwNjQ0NDIzMQ@@._V1_UX67_CR0,0,67,98_AL_.jpg",Joyeux Noël,2005,PG-13,116 min,"Drama, History, Music",7.7,"In December 1914, an unofficial Christmas truce on the Western Front allows soldiers from opposing sides of the First World War to gain insight into each other's way of life.",70,Christian Carion,Diane Kruger,Benno Fürmann,Guillaume Canet,Natalie Dessay,28003,"1,054,361"
"https://m.media-amazon.com/images/M/MV5BNTEzOTYwMTcxN15BMl5BanBnXkFtZTcwNTgyNjI1MQ@@._V1_UX67_CR0,0,67,98_AL_.jpg",Control,2007,R,122 min,"Biography, Drama, Music",7.7,"A profile of Ian Curtis, the enigmatic singer of Joy Division whose personal, professional, and romantic troubles led him to commit suicide at the age of 23.",78,Anton Corbijn,Sam Riley,Samantha Morton,Craig Parkinson,Alexandra Maria Lara,61609,"871,577"
"https://m.media-amazon.com/images/M/MV5BMTAxNDYxMjg0MjNeQTJeQWpwZ15BbWU3MDcyNTk2OTM@._V1_UX67_CR0,0,67,98_AL_.jpg",Tangled,2010,U,100 min,"Animation, Adventure, Comedy",7.7,"The magically long-haired Rapunzel has spent her entire life in a tower, but now that a runaway thief has stumbled upon her, she is about to discover the world for the first time, and who she really is.",71,Nathan Greno,Byron Howard,Mandy Moore,Zachary Levi,Donna Murphy,405922,"200,821,936"
"https://m.media-amazon.com/images/M/MV5BODFlNTI0ZWQtOTcxNC00OTc0LTkwZDUtMmNkM2I1ZWFlYzZkXkEyXkFqcGdeQXVyNTIzOTk5ODM@._V1_UY98_CR2,0,67,98_AL_.jpg",Zwartboek,2006,R,145 min,"Drama, Thriller, War",7.7,"In the Nazi-occupied Netherlands during World War II, a Jewish singer infiltrates the regional Gestapo headquarters for the Dutch resistance.",71,Paul Verhoeven,Carice van Houten,Sebastian Koch,Thom Hoffman,Halina Reijn,72643,"4,398,392"
"https://m.media-amazon.com/images/M/MV5BMTY5NTAzNTc1NF5BMl5BanBnXkFtZTYwNDY4MDc3._V1_UX67_CR0,0,67,98_AL_.jpg",Brokeback Mountain,2005,A,134 min,"Drama, Romance",7.7,"The story of a forbidden and secretive relationship between two cowboys, and their lives over the years.",87,Ang Lee,Jake Gyllenhaal,Heath Ledger,Michelle Williams,Randy Quaid,323103,"83,043,761"
"https://m.media-amazon.com/images/M/MV5BODE0NTcxNTQzNF5BMl5BanBnXkFtZTcwMzczOTIzMw@@._V1_UX67_CR0,0,67,98_AL_.jpg",3:10 to Yuma,2007,A,122 min,"Action, Crime, Drama",7.7,A small-time rancher agrees to hold a captured outlaw who's awaiting a train to go to court in Yuma. A battle of wills ensues as the outlaw tries to psych out the rancher.,76,James Mangold,Russell Crowe,Christian Bale,Ben Foster,Logan Lerman,288797,"53,606,916"
"https://m.media-amazon.com/images/M/MV5BOTk1OTA1MjIyNV5BMl5BanBnXkFtZTcwODQxMTkyMQ@@._V1_UX67_CR0,0,67,98_AL_.jpg",Crash,2004,UA,112 min,"Crime, Drama, Thriller",7.7,"Los Angeles citizens with vastly separate lives collide in interweaving stories of race, loss and redemption.",66,Paul Haggis,Don Cheadle,Sandra Bullock,Thandie Newton,Karina Arroyave,419483,"54,580,300"
"https://m.media-amazon.com/images/M/MV5BMjZiOTNlMzYtZWYwZS00YWJjLTk5NDgtODkwNjRhMDI0MjhjXkEyXkFqcGdeQXVyMjgyNjk3MzE@._V1_UY98_CR1,0,67,98_AL_.jpg",Kung fu,2004,UA,99 min,"Action, Comedy, Fantasy",7.7,"In Shanghai, China in the 1940s, a wannabe gangster aspires to join the notorious ""Axe Gang"" while residents of a housing complex exhibit extraordinary powers in defending their turf.",78,Stephen Chow,Stephen Chow,Wah Yuen,Qiu Yuen,Siu-Lung Leung,127250,"17,108,591"
"https://m.media-amazon.com/images/M/MV5BYTIyMDFmMmItMWQzYy00MjBiLTg2M2UtM2JiNDRhOWE4NjBhXkEyXkFqcGdeQXVyNjU0OTQ0OTY@._V1_UX67_CR0,0,67,98_AL_.jpg",The Bourne Supremacy,2004,A,108 min,"Action, Mystery, Thriller",7.7,"When Jason Bourne is framed for a CIA operation gone awry, he is forced to resume his former life as a trained assassin to survive.",73,Paul Greengrass,Matt Damon,Franka Potente,Joan Allen,Brian Cox,434841,"176,241,941"
"https://m.media-amazon.com/images/M/MV5BNjk1NzBlY2YtNjJmNi00YTVmLWI2OTgtNDUxNDE5NjUzZmE0XkEyXkFqcGdeQXVyNTc1NTQxODI@._V1_UX67_CR0,0,67,98_AL_.jpg",The Machinist,2004,R,101 min,"Drama, Thriller",7.7,An industrial worker who hasn't slept in a year begins to doubt his own sanity.,61,Brad Anderson,Christian Bale,Jennifer Jason Leigh,Aitana Sánchez-Gijón,John Sharian,358432,"1,082,715"
"https://m.media-amazon.com/images/M/MV5BMTQxNDQwNjQzOV5BMl5BanBnXkFtZTcwNTQxNDYyMQ@@._V1_UX67_CR0,0,67,98_AL_.jpg",Ray,2004,A,152 min,"Biography, Drama, Music",7.7,"The story of the life and career of the legendary rhythm and blues musician Ray Charles, from his humble beginnings in the South, where he went blind at age seven, to his meteoric rise to stardom during the 1950s and 1960s.",73,Taylor Hackford,Jamie Foxx,Regina King,Kerry Washington,Clifton Powell,138356,"75,331,600"
"https://m.media-amazon.com/images/M/MV5BMTI2NDI5ODk4N15BMl5BanBnXkFtZTYwMTI3NTE3._V1_UX67_CR0,0,67,98_AL_.jpg",Lost in Translation,2003,UA,102 min,"Comedy, Drama",7.7,A faded movie star and a neglected young woman form an unlikely bond after crossing paths in Tokyo.,89,Sofia Coppola,Bill Murray,Scarlett Johansson,Giovanni Ribisi,Anna Faris,415074,"44,585,453"
"https://m.media-amazon.com/images/M/MV5BMTI1NDMyMjExOF5BMl5BanBnXkFtZTcwOTc4MjQzMQ@@._V1_UX67_CR0,0,67,98_AL_.jpg",Harry Potter and the Goblet of Fire,2005,UA,157 min,"Adventure, Family, Fantasy",7.7,"Harry Potter finds himself competing in a hazardous tournament between rival schools of magic, but he is distracted by recurring nightmares.",81,Mike Newell,Daniel Radcliffe,Emma Watson,Rupert Grint,Eric Sykes,548619,"290,013,036"
"https://m.media-amazon.com/images/M/MV5BODFlMmEwMDgtYjhmZi00ZTE5LTk2NWQtMWE1Y2M0NjkzOGYxXkEyXkFqcGdeQXVyNjU0OTQ0OTY@._V1_UX67_CR0,0,67,98_AL_.jpg",Man on Fire,2004,UA,146 min,"Action, Crime, Drama",7.7,"In Mexico City, a former CIA operative swears vengeance on those who committed an unspeakable act against the family he was hired to protect.",47,Tony Scott,Denzel Washington,Christopher Walken,Dakota Fanning,Radha Mitchell,329592,"77,911,774"
"https://m.media-amazon.com/images/M/MV5BMzQxNjM5NzkxNV5BMl5BanBnXkFtZTcwMzg5NDMwMg@@._V1_UX67_CR0,0,67,98_AL_.jpg",Coraline,2009,U,100 min,"Animation, Drama, Family",7.7,"An adventurous 11-year-old girl finds another world that is a strangely idealized version of her frustrating home, but it has sinister secrets.",80,Henry Selick,Dakota Fanning,Teri Hatcher,John Hodgman,Jennifer Saunders,197761,"75,286,229"
"https://m.media-amazon.com/images/M/MV5BMzkyNzQ1Mzc0NV5BMl5BanBnXkFtZTcwODg3MzUzMw@@._V1_UX67_CR0,0,67,98_AL_.jpg",The Last Samurai,2003,UA,154 min,"Action, Drama",7.7,An American military advisor embraces the Samurai culture he was hired to destroy after he is captured in battle.,55,Edward Zwick,Tom Cruise,Ken Watanabe,Billy Connolly,William Atherton,400049,"111,110,575"
"https://m.media-amazon.com/images/M/MV5BMTI2NzU1NTc1NF5BMl5BanBnXkFtZTcwOTQ1MjAwMQ@@._V1_UX67_CR0,0,67,98_AL_.jpg",The Magdalene Sisters,2002,R,114 min,Drama,7.7,Three young Irish women struggle to maintain their spirits while they endure dehumanizing abuse as inmates of a Magdalene Sisters Asylum.,83,Peter Mullan,Eileen Walsh,Dorothy Duffy,Nora-Jane Noone,Anne-Marie Duff,25938,"4,890,878"
"https://m.media-amazon.com/images/M/MV5BMTI0MTg4NzI3M15BMl5BanBnXkFtZTcwOTE0MTUyMQ@@._V1_UY98_CR0,0,67,98_AL_.jpg",Good Bye Lenin!,2003,R,121 min,"Comedy, Drama, Romance",7.7,"In 1990, to protect his fragile mother from a fatal shock after a long coma, a young man must keep her from learning that her beloved nation of East Germany as she knew it has disappeared.",68,Wolfgang Becker,Daniel Brühl,Katrin Saß,Chulpan Khamatova,Florian Lukas,137981,"4,064,200"
"https://m.media-amazon.com/images/M/MV5BOGY1YmUzN2MtNDQ3NC00Nzc4LWI5M2EtYzUwMGQ4NWM4NjE1XkEyXkFqcGdeQXVyMTQxNzMzNDI@._V1_UY98_CR0,0,67,98_AL_.jpg",In America,2002,PG-13,105 min,Drama,7.7,A family of Irish immigrants adjust to life on the mean streets of Hell's Kitchen while also grieving the death of a child.,76,Jim Sheridan,Paddy Considine,Samantha Morton,Djimon Hounsou,Sarah Bolger,40403,"15,539,266"
"https://m.media-amazon.com/images/M/MV5BYzEyNzc0NjctZjJiZC00MWI1LWJlOTMtYWZkZDAzNzQ0ZDNkXkEyXkFqcGdeQXVyMTQxNzMzNDI@._V1_UX67_CR0,0,67,98_AL_.jpg",I Am Sam,2001,PG-13,132 min,Drama,7.7,A mentally handicapped man fights for custody of his 7-year-old daughter and in the process teaches his cold-hearted lawyer the value of love and family.,28,Jessie Nelson,Sean Penn,Michelle Pfeiffer,Dakota Fanning,Dianne Wiest,142863,"40,311,852"
"https://m.media-amazon.com/images/M/MV5BZjIwZWU0ZDItNzBlNS00MDIwLWFlZjctZTJjODdjZWYxNzczL2ltYWdlXkEyXkFqcGdeQXVyMTMxODk2OTU@._V1_UX67_CR0,0,67,98_AL_.jpg",Adaptation.,2002,R,115 min,"Comedy, Drama",7.7,A lovelorn screenwriter becomes desperate as he tries and fails to adapt 'The Orchid Thief' by Susan Orlean for the screen.,83,Spike Jonze,Nicolas Cage,Meryl Streep,Chris Cooper,Tilda Swinton,178565,"22,245,861"
"https://m.media-amazon.com/images/M/MV5BYWMwMzQxZjQtODM1YS00YmFiLTk1YjQtNzNiYWY1MDE4NTdiXkEyXkFqcGdeQXVyNDYyMDk5MTU@._V1_UX67_CR0,0,67,98_AL_.jpg",Black Hawk Down,2001,A,144 min,"Drama, History, War",7.7,160 elite U.S. soldiers drop into Somalia to capture two top lieutenants of a renegade warlord and find themselves in a desperate battle with a large force of heavily-armed Somalis.,74,Ridley Scott,Josh Hartnett,Ewan McGregor,Tom Sizemore,Eric Bana,364254,"108,638,745"
"https://m.media-amazon.com/images/M/MV5BNjcxMmQ0MmItYTkzYy00MmUyLTlhOTQtMmJmNjE3MDMwYjdlXkEyXkFqcGdeQXVyNzkwMjQ5NzM@._V1_UX67_CR0,0,67,98_AL_.jpg",Road to Perdition,2002,A,117 min,"Crime, Drama, Thriller",7.7,"A mob enforcer's son witnesses a murder, forcing him and his father to take to the road, and his father down a path of redemption and revenge.",72,Sam Mendes,Tom Hanks,Tyler Hoechlin,Rob Maxey,Liam Aiken,246840,"104,454,762"
"https://m.media-amazon.com/images/M/MV5BNThiMDc1YjUtYmE3Zi00MTM1LTkzM2MtNjdlNzQ4ZDlmYjRmXkEyXkFqcGdeQXVyMTQxNzMzNDI@._V1_UY98_CR1,0,67,98_AL_.jpg",Das Experiment,2001,R,120 min,"Drama, Thriller",7.7,"For two weeks, 20 male participants are hired to play prisoners and guards in a prison. The ""prisoners"" have to follow seemingly mild rules, and the ""guards"" are told to retain order without using physical violence.",60,Oliver Hirschbiegel,Moritz Bleibtreu,Christian Berkel,Oliver Stokowski,Wotan Wilke Möhring,90842,"141,072"
"https://m.media-amazon.com/images/M/MV5BNGY3NWYwNzctNWU5Yi00ZjljLTgyNDgtZjNhZjRlNjc0ZTU1XkEyXkFqcGdeQXVyMTQxNzMzNDI@._V1_UX67_CR0,0,67,98_AL_.jpg",Billy Elliot,2000,R,110 min,"Drama, Music",7.7,A talented young boy becomes torn between his unexpected love of dance and the disintegration of his family.,74,Stephen Daldry,Jamie Bell,Julie Walters,Jean Heywood,Jamie Draven,126770,"21,995,263"
"https://m.media-amazon.com/images/M/MV5BZGY5NWUyNDUtZWJhZi00ZjMxLWFmMjMtYmJhZjVkZGZhNWQ4XkEyXkFqcGdeQXVyMTQxNzMzNDI@._V1_UX67_CR0,0,67,98_AL_.jpg",Hedwig and the Angry Inch,2001,R,95 min,"Comedy, Drama, Music",7.7,A gender-queer punk-rock singer from East Berlin tours the U.S. with her band as she tells her life story and follows the former lover/band-mate who stole her songs.,85,John Cameron Mitchell,John Cameron Mitchell,Miriam Shor,Stephen Trask,Theodore Liscinski,31957,"3,029,081"
"https://m.media-amazon.com/images/M/MV5BYzVmYzVkMmUtOGRhMi00MTNmLThlMmUtZTljYjlkMjNkMjJkXkEyXkFqcGdeQXVyNDk3NzU2MTQ@._V1_UX67_CR0,0,67,98_AL_.jpg",Ocean's Eleven,2001,UA,116 min,"Crime, Thriller",7.7,Danny Ocean and his ten accomplices plan to rob three Las Vegas casinos simultaneously.,74,Steven Soderbergh,George Clooney,Brad Pitt,Julia Roberts,Matt Damon,516372,"183,417,150"
"https://m.media-amazon.com/images/M/MV5BNTIyNThlMjMtMzUyMi00YmEyLTljMmYtMWRhN2Q3ZTllZjA4XkEyXkFqcGdeQXVyMzM4MjM0Nzg@._V1_UY98_CR1,0,67,98_AL_.jpg",Vampire Hunter D: Bloodlust,2000,U,103 min,"Animation, Action, Fantasy",7.7,"When a girl is abducted by a vampire, a legendary bounty hunter is hired to bring her back.",62,Yoshiaki Kawajiri,Andrew Philpot,John Rafter Lee,Pamela Adlon,Wendee Lee,29210,"151,086"
"https://m.media-amazon.com/images/M/MV5BMjZkOTdmMWItOTkyNy00MDdjLTlhNTQtYzU3MzdhZjA0ZDEyXkEyXkFqcGdeQXVyMTMxODk2OTU@._V1_UX67_CR0,0,67,98_AL_.jpg","O Brother, Where Art Thou?",2000,U,107 min,"Adventure, Comedy, Crime",7.7,"In the deep south during the 1930s, three escaped convicts search for hidden treasure while a relentless lawman pursues them.",69,Joel Coen,Ethan Coen,George Clooney,John Turturro,Tim Blake Nelson,286742,"45,512,588"
"https://m.media-amazon.com/images/M/MV5BZDYwYzlhOTAtNDAwMC00ZTBhLWI4M2QtMTA1NmJhYTdiNTkxXkEyXkFqcGdeQXVyNTM0NTU5Mg@@._V1_UX67_CR0,0,67,98_AL_.jpg",Interstate 60: Episodes of the Road,2002,R,116 min,"Adventure, Comedy, Drama",7.7,"Neal Oliver, a very confused young man and an artist, takes a journey of a lifetime on a highway I60 that doesn't exist on any of the maps, going to the places he never even heard of, searching for an answer and his dreamgirl.",,Bob Gale,James Marsden,Gary Oldman,Kurt Russell,Matthew Edison,29999,
"https://m.media-amazon.com/images/M/MV5BOGE0ZWI0YzAtY2NkZi00YjkyLWIzYWEtNTJmMzJjODllNjdjXkEyXkFqcGdeQXVyMTQxNzMzNDI@._V1_UX67_CR0,0,67,98_AL_.jpg","South Park: Bigger, Longer & Uncut",1999,A,81 min,"Animation, Comedy, Fantasy",7.7,"When Stan Marsh and his friends go see an R-rated movie, they start cursing and their parents think that Canada is to blame.",73,Trey Parker,Trey Parker,Matt Stone,Mary Kay Bergman,Isaac Hayes,192112,"52,037,603"
"https://m.media-amazon.com/images/M/MV5BOTA5MzQ3MzI1NV5BMl5BanBnXkFtZTgwNTcxNTYxMTE@._V1_UX67_CR0,0,67,98_AL_.jpg",Office Space,1999,R,89 min,Comedy,7.7,Three company workers who hate their jobs decide to rebel against their greedy boss.,68,Mike Judge,Ron Livingston,Jennifer Aniston,David Herman,Ajay Naidu,241575,"10,824,921"
"https://m.media-amazon.com/images/M/MV5BM2FlNzE0ZmUtMmVkZS00MWQ3LWE4OWQtYjQwZjdhNzRmNWE2XkEyXkFqcGdeQXVyMTAwMzUyOTc@._V1_UX67_CR0,0,67,98_AL_.jpg",Happiness,1998,,134 min,"Comedy, Drama",7.7,"The lives of several individuals intertwine as they go about their lives in their own unique ways, engaging in acts society as a whole might find disturbing in a desperate search for human connection.",81,Todd Solondz,Jane Adams,Jon Lovitz,Philip Seymour Hoffman,Dylan Baker,66408,"2,807,390"
"https://m.media-amazon.com/images/M/MV5BMDZkMTUxYWEtMDY5NS00ZTA5LTg3MTItNTlkZWE1YWRjYjMwL2ltYWdlL2ltYWdlXkEyXkFqcGdeQXVyMTQxNzMzNDI@._V1_UX67_CR0,0,67,98_AL_.jpg",Training Day,2001,A,122 min,"Crime, Drama, Thriller",7.7,A rookie cop spends his first day as a Los Angeles narcotics officer with a rogue detective who isn't what he appears to be.,69,Antoine Fuqua,Denzel Washington,Ethan Hawke,Scott Glenn,Tom Berenger,390247,"76,631,907"
"https://m.media-amazon.com/images/M/MV5BMjE2OTc3OTk2M15BMl5BanBnXkFtZTgwMjg2NjIyMDE@._V1_UX67_CR0,0,67,98_AL_.jpg",Rushmore,1998,UA,93 min,"Comedy, Drama, Romance",7.7,The extracurricular king of Rushmore Preparatory School is put on academic probation.,86,Wes Anderson,Jason Schwartzman,Bill Murray,Olivia Williams,Seymour Cassel,169229,"17,105,219"
"https://m.media-amazon.com/images/M/MV5BYjA2MTA1MjUtYmUyNy00NGZiLTk2NTAtMDk3N2M3YmMwOTc1XkEyXkFqcGdeQXVyMjA0MzYwMDY@._V1_UY98_CR0,0,67,98_AL_.jpg",Abre los ojos,1997,U,119 min,"Drama, Mystery, Sci-Fi",7.7,"A very handsome man finds the love of his life, but he suffers an accident and needs to have his face rebuilt by surgery after it is severely disfigured.",,Alejandro Amenábar,Eduardo Noriega,Penélope Cruz,Chete Lera,Fele Martínez,64082,"368,234"
"https://m.media-amazon.com/images/M/MV5BYmUxY2MyOTQtYjRlMi00ZWEwLTkzODctZDMxNDcyNTFhYjNjXkEyXkFqcGdeQXVyNDk3NzU2MTQ@._V1_UY98_CR1,0,67,98_AL_.jpg",Being John Malkovich,1999,R,113 min,"Comedy, Drama, Fantasy",7.7,A puppeteer discovers a portal that leads literally into the head of movie star John Malkovich.,90,Spike Jonze,John Cusack,Cameron Diaz,Catherine Keener,John Malkovich,312542,"22,858,926"
"https://m.media-amazon.com/images/M/MV5BNWMxZTgzMWEtMTU0Zi00NDc5LWFkZjctMzUxNDIyNzZiMmNjXkEyXkFqcGdeQXVyMTQxNzMzNDI@._V1_UX67_CR0,0,67,98_AL_.jpg",As Good as It Gets,1997,A,139 min,"Comedy, Drama, Romance",7.7,"A single mother and waitress, a misanthropic author, and a gay artist form an unlikely friendship after the artist is assaulted in a robbery.",67,James L. Brooks,Jack Nicholson,Helen Hunt,Greg Kinnear,Cuba Gooding Jr.,275755,"148,478,011"
"https://m.media-amazon.com/images/M/MV5BZWFjYmZmZGQtYzg4YS00ZGE5LTgwYzAtZmQwZjQ2NDliMGVmXkEyXkFqcGdeQXVyNTUyMzE4Mzg@._V1_UY98_CR0,0,67,98_AL_.jpg",The Fifth Element,1997,UA,126 min,"Action, Adventure, Sci-Fi",7.7,"In the colorful future, a cab driver unwittingly becomes the central figure in the search for a legendary cosmic weapon to keep Evil and Mr. Zorg at bay.",52,Luc Besson,Bruce Willis,Milla Jovovich,Gary Oldman,Ian Holm,434125,"63,540,020"
"https://m.media-amazon.com/images/M/MV5BZjFkOWM5NDUtODYwOS00ZDg0LWFkZGUtYzBkYzNjZjU3ODE3XkEyXkFqcGdeQXVyNzQzNzQxNzI@._V1_UX67_CR0,0,67,98_AL_.jpg",Le dîner de cons,1998,PG-13,80 min,Comedy,7.7,"A few friends have a weekly fools' dinner, where each brings a fool along. Pierre finds a champion fool for next dinner. Surprise.",73,Francis Veber,Thierry Lhermitte,Jacques Villeret,Francis Huster,Daniel Prévost,37424,"4,065,116"
"https://m.media-amazon.com/images/M/MV5BYzMzMDZkYWEtODIzNS00YjI3LTkxNTktOWEyZGM3ZWI2MWM4XkEyXkFqcGdeQXVyNzkwMjQ5NzM@._V1_UX67_CR0,0,67,98_AL_.jpg",Donnie Brasco,1997,A,127 min,"Biography, Crime, Drama",7.7,"An FBI undercover agent infiltrates the mob and finds himself identifying more with the mafia life, at the expense of his regular one.",76,Mike Newell,Al Pacino,Johnny Depp,Michael Madsen,Bruno Kirby,279318,"41,909,762"
"https://m.media-amazon.com/images/M/MV5BMTQzMzcxMzUyMl5BMl5BanBnXkFtZTgwNDI1MjgxMTE@._V1_UX67_CR0,0,67,98_AL_.jpg",Shine,1996,U,105 min,"Biography, Drama, Music",7.7,"Pianist David Helfgott, driven by his father and teachers, has a breakdown. Years later he returns to the piano, to popular if not critical acclaim.",87,Scott Hicks,Geoffrey Rush,Armin Mueller-Stahl,Justin Braine,Sonia Todd,51350,"35,811,509"
"https://m.media-amazon.com/images/M/MV5BZTM2NWI2OGYtYWNhMi00ZTlmLTg2ZTAtMmI5NWRjODA5YTE1XkEyXkFqcGdeQXVyODE2OTYwNTg@._V1_UX67_CR0,0,67,98_AL_.jpg",Primal Fear,1996,A,129 min,"Crime, Drama, Mystery",7.7,"An altar boy is accused of murdering a priest, and the truth is buried several layers deep.",47,Gregory Hoblit,Richard Gere,Laura Linney,Edward Norton,John Mahoney,189716,"56,116,183"
"https://m.media-amazon.com/images/M/MV5BM2U5OWM5NWQtZDYwZS00NmI3LTk4NDktNzcwZjYzNmEzYWU1XkEyXkFqcGdeQXVyNjMwMjk0MTQ@._V1_UY98_CR0,0,67,98_AL_.jpg",Hamlet,1996,PG-13,242 min,Drama,7.7,"Hamlet, Prince of Denmark, returns home to find his father murdered and his mother remarrying the murderer, his uncle. Meanwhile, war is brewing.",,Kenneth Branagh,Kenneth Branagh,Julie Christie,Derek Jacobi,Kate Winslet,35991,"4,414,535"
"https://m.media-amazon.com/images/M/MV5BZDQzMGE5ODYtZDdiNC00MzZjLTg2NjAtZTk0ODlkYmY4MTQzXkEyXkFqcGdeQXVyMTQxNzMzNDI@._V1_UX67_CR0,0,67,98_AL_.jpg",A Little Princess,1995,U,97 min,"Drama, Family, Fantasy",7.7,A young girl is relegated to servitude at a boarding school when her father goes missing and is presumed dead.,83,Alfonso Cuarón,Liesel Matthews,Eleanor Bron,Liam Cunningham,Rusty Schwimmer,32236,"10,019,307"
"https://m.media-amazon.com/images/M/MV5BZjM4NWRhYTQtYTJlNC00ZmMyLWEzNTAtZDA2MjJjYTQ5ZTVmXkEyXkFqcGdeQXVyMTQxNzMzNDI@._V1_UX67_CR0,0,67,98_AL_.jpg",Do lok tin si,1995,UA,99 min,"Comedy, Crime, Drama",7.7,"This Hong Kong-set crime drama follows the lives of a hitman, hoping to get out of the business, and his elusive female partner.",71,Kar-Wai Wong,Leon Lai,Michelle Reis,Takeshi Kaneshiro,Charlie Yeung,26429,
"https://m.media-amazon.com/images/M/MV5BZmVhNWIzOTMtYmVlZC00ZDVmLWIyODEtODEzOTAxYjAwMzVlXkEyXkFqcGdeQXVyMzIwNDY4NDI@._V1_UY98_CR1,0,67,98_AL_.jpg",Il postino,1994,U,108 min,"Biography, Comedy, Drama",7.7,"A simple Italian postman learns to love poetry while delivering mail to a famous poet, and then uses this to woo local beauty Beatrice.",81,Michael Radford,Massimo Troisi,Massimo Troisi,Philippe Noiret,Maria Grazia Cucinotta,33600,"21,848,932"
"https://m.media-amazon.com/images/M/MV5BNzE1Njk0NmItNDhlMC00ZmFlLWI4ZTUtYTY4ZjgzNjkyMTU1XkEyXkFqcGdeQXVyMTQxNzMzNDI@._V1_UX67_CR0,0,67,98_AL_.jpg",Clerks,1994,R,92 min,Comedy,7.7,"A day in the lives of two convenience clerks named Dante and Randal as they annoy customers, discuss movies, and play hockey on the store roof.",70,Kevin Smith,Brian O'Halloran,Jeff Anderson,Marilyn Ghigliotti,Lisa Spoonauer,211450,"3,151,130"
"https://m.media-amazon.com/images/M/MV5BZWY0ODc2NDktYmYxNS00MGZiLTk5YjktZjgwZWFhNDQ0MzNhXkEyXkFqcGdeQXVyNTI4MjkwNjA@._V1_UX67_CR0,0,67,98_AL_.jpg",Short Cuts,1993,R,188 min,"Comedy, Drama",7.7,The day-to-day lives of several suburban Los Angeles residents.,79,Robert Altman,Andie MacDowell,Julianne Moore,Tim Robbins,Bruce Davison,42275,"6,110,979"
"https://m.media-amazon.com/images/M/MV5BNDE0MWE1ZTMtOWFkMS00YjdiLTkwZTItMDljYjY3MjM0NTk5XkEyXkFqcGdeQXVyNDYyMDk5MTU@._V1_UX67_CR0,0,67,98_AL_.jpg",Philadelphia,1993,UA,125 min,Drama,7.7,"When a man with HIV is fired by his law firm because of his condition, he hires a homophobic small time lawyer as the only willing advocate for a wrongful dismissal suit.",66,Jonathan Demme,Tom Hanks,Denzel Washington,Roberta Maxwell,Buzz Kilman,224169,"77,324,422"
"https://m.media-amazon.com/images/M/MV5BN2Y0NWRkNWItZWEwNi00MDNlLWJmZDYtNTkwYzI5Nzg4MjVjXkEyXkFqcGdeQXVyMTMxODk2OTU@._V1_UX67_CR0,0,67,98_AL_.jpg",The Muppet Christmas Carol,1992,G,85 min,"Comedy, Drama, Family",7.7,The Muppet characters tell their version of the classic tale of an old and bitter miser's redemption on Christmas Eve.,64,Brian Henson,Michael Caine,Kermit the Frog,Dave Goelz,Miss Piggy,50298,"27,281,507"
"https://m.media-amazon.com/images/M/MV5BZDkzOTFmMTUtMmI2OS00MDE4LTg5YTUtODMwNDMzNmI5OGYwL2ltYWdlXkEyXkFqcGdeQXVyMTQxNzMzNDI@._V1_UY98_CR3,0,67,98_AL_.jpg",Malcolm X,1992,U,202 min,"Biography, Drama, History",7.7,"Biographical epic of the controversial and influential Black Nationalist leader, from his early life and career as a small-time gangster, to his ministry as a member of the Nation of Islam.",73,Spike Lee,Denzel Washington,Angela Bassett,Delroy Lindo,Spike Lee,85819,"48,169,908"
"https://m.media-amazon.com/images/M/MV5BZDNiYmRkNDYtOWU1NC00NmMxLWFkNmUtMGI5NTJjOTJmYTM5XkEyXkFqcGdeQXVyNzQ1ODk3MTQ@._V1_UX67_CR0,0,67,98_AL_.jpg",The Last of the Mohicans,1992,UA,112 min,"Action, Adventure, Drama",7.7,Three trappers protect the daughters of a British Colonel in the midst of the French and Indian War.,76,Michael Mann,Daniel Day-Lewis,Madeleine Stowe,Russell Means,Eric Schweig,150409,"75,505,856"
"https://m.media-amazon.com/images/M/MV5BZjVkYmFkZWQtZmNjYy00NmFhLTliMWYtNThlOTUxNjg5ODdhXkEyXkFqcGdeQXVyMTMxODk2OTU@._V1_UY98_CR4,0,67,98_AL_.jpg",Kurenai no buta,1992,U,94 min,"Animation, Adventure, Comedy",7.7,"In 1930s Italy, a veteran World War I pilot is cursed to look like an anthropomorphic pig.",83,Hayao Miyazaki,Shûichirô Moriyama,Tokiko Katô,Bunshi Katsura Vi,Tsunehiko Kamijô,77798,
"https://m.media-amazon.com/images/M/MV5BNTYzN2MxODMtMDBhOC00Y2M0LTgzMTItMzQ4NDIyYWIwMDEzL2ltYWdlL2ltYWdlXkEyXkFqcGdeQXVyNTc1NTQxODI@._V1_UX67_CR0,0,67,98_AL_.jpg",Glengarry Glen Ross,1992,R,100 min,"Crime, Drama, Mystery",7.7,An examination of the machinations behind the scenes at a real estate office.,82,James Foley,Al Pacino,Jack Lemmon,Alec Baldwin,Alan Arkin,95826,"10,725,228"
"https://m.media-amazon.com/images/M/MV5BMmRlZDQ1MmUtMzE2Yi00YTkxLTk1MGMtYmIyYWQwODcxYzRlXkEyXkFqcGdeQXVyNTI4MjkwNjA@._V1_UX67_CR0,0,67,98_AL_.jpg",A Few Good Men,1992,U,138 min,"Drama, Thriller",7.7,Military lawyer Lieutenant Daniel Kaffee defends Marines accused of murder. They contend they were acting under orders.,62,Rob Reiner,Tom Cruise,Jack Nicholson,Demi Moore,Kevin Bacon,235388,"141,340,178"
"https://m.media-amazon.com/images/M/MV5BOWQ1ZWE0MTQtMmEwOS00YjA3LTgyZTAtNjY5ODEyZTJjNDI2XkEyXkFqcGdeQXVyNjE5MjUyOTM@._V1_UX67_CR0,0,67,98_AL_.jpg",Fried Green Tomatoes,1991,PG-13,130 min,Drama,7.7,A housewife who is unhappy with her life befriends an old lady in a nursing home and is enthralled by the tales she tells of people she used to know.,64,Jon Avnet,Kathy Bates,Jessica Tandy,Mary Stuart Masterson,Mary-Louise Parker,66941,"82,418,501"
"https://m.media-amazon.com/images/M/MV5BMTgxMDMxMTctNDY0Zi00ZmNlLWFlYmQtODA2YjY4MDk4MjU1XkEyXkFqcGdeQXVyNTc1NTQxODI@._V1_UX67_CR0,0,67,98_AL_.jpg",Barton Fink,1991,U,116 min,"Comedy, Drama, Thriller",7.7,A renowned New York playwright is enticed to California to write for the movies and discovers the hellish truth of Hollywood.,69,Joel Coen,Ethan Coen,John Turturro,John Goodman,Judy Davis,113240,"6,153,939"
"https://m.media-amazon.com/images/M/MV5BMTY2Njk3MTAzM15BMl5BanBnXkFtZTgwMTY5Mzk4NjE@._V1_UX67_CR0,0,67,98_AL_.jpg",Miller's Crossing,1990,R,115 min,"Crime, Drama, Thriller",7.7,"Tom Reagan, an advisor to a Prohibition-era crime boss, tries to keep the peace between warring mobs but gets caught in divided loyalties.",66,Joel Coen,Ethan Coen,Gabriel Byrne,Albert Finney,John Turturro,125822,"5,080,409"
"https://m.media-amazon.com/images/M/MV5BMDhiOTM2OTctODk3Ny00NWI4LThhZDgtNGQ4NjRiYjFkZGQzXkEyXkFqcGdeQXVyMTA0MjU0Ng@@._V1_UX67_CR0,0,67,98_AL_.jpg",Who Framed Roger Rabbit,1988,U,104 min,"Animation, Adventure, Comedy",7.7,A toon-hating detective is a cartoon rabbit's only hope to prove his innocence when he is accused of murder.,83,Robert Zemeckis,Bob Hoskins,Christopher Lloyd,Joanna Cassidy,Charles Fleischer,182009,"156,452,370"
"https://m.media-amazon.com/images/M/MV5BNDcwMTYzMjctN2M2Yy00ZDcxLWJhNTEtMGNhYzEwYzc2NDE4XkEyXkFqcGdeQXVyNTI4MjkwNjA@._V1_UY98_CR0,0,67,98_AL_.jpg",Spoorloos,1988,,107 min,"Mystery, Thriller",7.7,"Rex and Saskia, a young couple in love, are on vacation. They stop at a busy service station and Saskia is abducted. After three years and no sign of Saskia, Rex begins receiving letters from the abductor.",,George Sluizer,Bernard-Pierre Donnadieu,Gene Bervoets,Johanna ter Steege,Gwen Eckhaus,33982,
"https://m.media-amazon.com/images/M/MV5BYjE3ODY5OWEtZmE0Mi00MjUxLTg5MmUtZmFkMzM1N2VjMmU5XkEyXkFqcGdeQXVyNTI4MjkwNjA@._V1_UX67_CR0,0,67,98_AL_.jpg",Withnail & I,1987,R,107 min,"Comedy, Drama",7.7,"In 1969, two substance-abusing, unemployed actors retreat to the countryside for a holiday that proves disastrous.",84,Bruce Robinson,Richard E. Grant,Paul McGann,Richard Griffiths,Ralph Brown,40396,"1,544,889"
"https://m.media-amazon.com/images/M/MV5BZTk0NDU4YmItOTk0ZS00ODc2LTkwNGItNWI5MDJkNTJiYWMxXkEyXkFqcGdeQXVyNjUwNzk3NDc@._V1_UX67_CR0,0,67,98_AL_.jpg",The Last Emperor,1987,U,163 min,"Biography, Drama, History",7.7,The story of the final Emperor of China.,76,Bernardo Bertolucci,John Lone,Joan Chen,Peter O'Toole,Ruocheng Ying,94326,"43,984,230"
"https://m.media-amazon.com/images/M/MV5BMmQwNzczZDItNmI0OS00MjRmLTliYWItZWIyMjk1MTU4ZTQ4L2ltYWdlXkEyXkFqcGdeQXVyNTAyODkwOQ@@._V1_UX67_CR0,0,67,98_AL_.jpg",Empire of the Sun,1987,U,153 min,"Action, Drama, History",7.7,A young English boy struggles to survive under Japanese occupation during World War II.,62,Steven Spielberg,Christian Bale,John Malkovich,Miranda Richardson,Nigel Havers,115677,"22,238,696"
"https://m.media-amazon.com/images/M/MV5BZjEyZTdhNDMtMWFkMS00ZmRjLWEyNmEtZDU3MWFkNDEzMDYwXkEyXkFqcGdeQXVyNjc1NTYyMjg@._V1_UX67_CR0,0,67,98_AL_.jpg",Der Name der Rose,1986,R,130 min,"Crime, Drama, Mystery",7.7,An intellectually nonconformist friar investigates a series of mysterious deaths in an isolated abbey.,54,Jean-Jacques Annaud,Sean Connery,Christian Slater,Helmut Qualtinger,Elya Baskin,102031,"7,153,487"
"https://m.media-amazon.com/images/M/MV5BMzExOTczNTgtN2Q1Yy00MmI1LWE0NjgtNmIwMzdmZGNlODU1XkEyXkFqcGdeQXVyNDkzNTM2ODg@._V1_UX67_CR0,0,67,98_AL_.jpg",Blue Velvet,1986,A,120 min,"Drama, Mystery, Thriller",7.7,"The discovery of a severed human ear found in a field leads a young man on an investigation related to a beautiful, mysterious nightclub singer and a group of psychopathic criminals who have kidnapped her child.",76,David Lynch,Isabella Rossellini,Kyle MacLachlan,Dennis Hopper,Laura Dern,181285,"8,551,228"
"https://m.media-amazon.com/images/M/MV5BY2E1YWRlNzAtYzAwYy00MDg5LTlmYTUtYjdlZDI0NzFkNjNlL2ltYWdlL2ltYWdlXkEyXkFqcGdeQXVyNjQ2MjQ5NzM@._V1_UX67_CR0,0,67,98_AL_.jpg",The Purple Rose of Cairo,1985,U,82 min,"Comedy, Fantasy, Romance",7.7,"In New Jersey in 1935, a movie character walks off the screen and into the real world.",75,Woody Allen,Mia Farrow,Jeff Daniels,Danny Aiello,Irving Metzman,47102,"10,631,333"
"https://m.media-amazon.com/images/M/MV5BMTUxMjEzMzI2MV5BMl5BanBnXkFtZTgwNTU3ODAxMDE@._V1_UX67_CR0,0,67,98_AL_.jpg",After Hours,1985,UA,97 min,"Comedy, Crime, Drama",7.7,An ordinary word processor has the worst night of his life after he agrees to visit a girl in Soho who he met that evening at a coffee shop.,90,Martin Scorsese,Griffin Dunne,Rosanna Arquette,Verna Bloom,Tommy Chong,59635,"10,600,000"
"https://m.media-amazon.com/images/M/MV5BMGUwMjM0MTEtOGY2NS00MjJmLWEyMDAtYmNkMWJjOWJlNGM0XkEyXkFqcGdeQXVyMTQxNzMzNDI@._V1_UX67_CR0,0,67,98_AL_.jpg",Zelig,1983,PG,79 min,Comedy,7.7,"""Documentary"" about a man who can look and act like whoever he's around, and meets various famous people.",,Woody Allen,Woody Allen,Mia Farrow,Patrick Horgan,John Buckwalter,39881,"11,798,616"
"https://m.media-amazon.com/images/M/MV5BMTU5MzMwMzAzM15BMl5BanBnXkFtZTcwNjYyMjA0Mg@@._V1_UX67_CR0,0,67,98_AL_.jpg",The Verdict,1982,U,129 min,Drama,7.7,A lawyer sees the chance to salvage his career and self-respect by taking a medical malpractice case to trial rather than settling.,77,Sidney Lumet,Paul Newman,Charlotte Rampling,Jack Warden,James Mason,36096,"54,000,000"
"https://m.media-amazon.com/images/M/MV5BMzcyYWE5YmQtNDE1Yi00ZjlmLWFlZTAtMzRjODBiYjM3OTA3XkEyXkFqcGdeQXVyMTQxNzMzNDI@._V1_UX67_CR0,0,67,98_AL_.jpg",Star Trek II: The Wrath of Khan,1982,U,113 min,"Action, Adventure, Sci-Fi",7.7,"With the assistance of the Enterprise crew, Admiral Kirk must stop an old nemesis, Khan Noonien Singh, from using the life-generating Genesis Device as the ultimate weapon.",67,Nicholas Meyer,William Shatner,Leonard Nimoy,DeForest Kelley,James Doohan,112704,"78,912,963"
"https://m.media-amazon.com/images/M/MV5BODBmOWU2YWMtZGUzZi00YzRhLWJjNDAtYTUwNWVkNDcyZmU5XkEyXkFqcGdeQXVyNDk3NzU2MTQ@._V1_UX67_CR0,0,67,98_AL_.jpg",First Blood,1982,A,93 min,"Action, Adventure",7.7,A veteran Green Beret is forced by a cruel Sheriff and his deputies to flee into the mountains and wage an escalating one-man war against his pursuers.,61,Ted Kotcheff,Sylvester Stallone,Brian Dennehy,Richard Crenna,Bill McKinney,226541,"47,212,904"
"https://m.media-amazon.com/images/M/MV5BNWU3MDFkYWQtMWQ5YS00YTcwLThmNDItODY4OWE2ZTdhZmIwXkEyXkFqcGdeQXVyMjUzOTY1NTc@._V1_UX67_CR0,0,67,98_AL_.jpg",Ordinary People,1980,U,124 min,Drama,7.7,"The accidental death of the older son of an affluent family deeply strains the relationships among the bitter mother, the good-natured father, and the guilt-ridden younger son.",86,Robert Redford,Donald Sutherland,Mary Tyler Moore,Judd Hirsch,Timothy Hutton,47099,"54,800,000"
"https://m.media-amazon.com/images/M/MV5BZjA3YjdhMWEtYjc2Ni00YzVlLWI0MTUtMGZmNTJjNmU0Yzk2XkEyXkFqcGdeQXVyNzkwMjQ5NzM@._V1_UX67_CR0,0,67,98_AL_.jpg",Airplane!,1980,U,88 min,Comedy,7.7,A man afraid to fly must ensure that a plane lands safely after the pilots become sick.,78,Jim Abrahams,David Zucker,Jerry Zucker,Robert Hays,Julie Hagerty,214882,"83,400,000"
"https://m.media-amazon.com/images/M/MV5BYzYyNjg3OTctNzA2ZS00NjkzLWE4MmYtZDAzZWQ0NzkyMTJhXkEyXkFqcGdeQXVyMTMxODk2OTU@._V1_UX67_CR0,0,67,98_AL_.jpg",Rupan sansei: Kariosutoro no shiro,1979,U,100 min,"Animation, Adventure, Family",7.7,"A dashing thief, his gang of desperadoes and an intrepid policeman struggle to free a princess from an evil count's clutches, and learn the hidden secret to a fabulous treasure that she holds part of a key to.",71,Hayao Miyazaki,Yasuo Yamada,Eiko Masuyama,Kiyoshi Kobayashi,Makio Inoue,27014,
"https://m.media-amazon.com/images/M/MV5BNzk1OGU2NmMtNTdhZC00NjdlLWE5YTMtZTQ0MGExZTQzOGQyXkEyXkFqcGdeQXVyMTQxNzMzNDI@._V1_UX67_CR0,0,67,98_AL_.jpg",Halloween,1978,A,91 min,"Horror, Thriller",7.7,"Fifteen years after murdering his sister on Halloween night 1963, Michael Myers escapes from a mental hospital and returns to the small town of Haddonfield, Illinois to kill again.",87,John Carpenter,Donald Pleasence,Jamie Lee Curtis,Tony Moran,Nancy Kyes,233106,"47,000,000"
"https://m.media-amazon.com/images/M/MV5BYmVhMDQ1YWUtYjgxOS00NzYyLWI0ZGItNTg3ZjM0MmQ4NmIwXkEyXkFqcGdeQXVyMjQzMzQzODY@._V1_UY98_CR3,0,67,98_AL_.jpg",Le locataire,1976,R,126 min,"Drama, Thriller",7.7,A bureaucrat rents a Paris apartment where he finds himself drawn into a rabbit hole of dangerous paranoia.,71,Roman Polanski,Roman Polanski,Isabelle Adjani,Melvyn Douglas,Jo Van Fleet,39889,"1,924,733"
"https://m.media-amazon.com/images/M/MV5BMTYxMDk1NTA5NF5BMl5BanBnXkFtZTcwNDkzNzA2NA@@._V1_UX67_CR0,0,67,98_AL_.jpg",Love and Death,1975,PG,85 min,"Comedy, War",7.7,"In czarist Russia, a neurotic soldier and his distant cousin formulate a plot to assassinate Napoleon.",89,Woody Allen,Woody Allen,Diane Keaton,Georges Adet,Frank Adu,36037,
"https://m.media-amazon.com/images/M/MV5BMjE1NDY0NDk3Ml5BMl5BanBnXkFtZTcwMTAzMTM3NA@@._V1_UX67_CR0,0,67,98_AL_.jpg",The Taking of Pelham One Two Three,1974,U,104 min,"Action, Crime, Thriller",7.7,"In New York, armed men hijack a subway car and demand a ransom for the passengers. Even if it's paid, how could they get away?",68,Joseph Sargent,Walter Matthau,Robert Shaw,Martin Balsam,Hector Elizondo,26729,
"https://m.media-amazon.com/images/M/MV5BZGZmMWE1MDYtNzAyNC00MDMzLTgzZjQtNTQ5NjYzN2E4MzkzXkEyXkFqcGdeQXVyNDk3NzU2MTQ@._V1_UX67_CR0,0,67,98_AL_.jpg",Blazing Saddles,1974,A,93 min,"Comedy, Western",7.7,"In order to ruin a western town, a corrupt politician appoints a black Sheriff, who promptly becomes his most formidable adversary.",73,Mel Brooks,Cleavon Little,Gene Wilder,Slim Pickens,Harvey Korman,125993,"119,500,000"
"https://m.media-amazon.com/images/M/MV5BYTU4ZTI0NzAtYzMwNi00YmMxLThmZWItNTY5NzgyMDAwYWVhXkEyXkFqcGdeQXVyNjUwNzk3NDc@._V1_UX67_CR0,0,67,98_AL_.jpg",Serpico,1973,A,130 min,"Biography, Crime, Drama",7.7,An honest New York cop named Frank Serpico blows the whistle on rampant corruption in the force only to have his comrades turn against him.,87,Sidney Lumet,Al Pacino,John Randolph,Jack Kehoe,Biff McGuire,109941,"29,800,000"
"https://m.media-amazon.com/images/M/MV5BNGZiMTkyNzQtMDdmZi00ZDNkLWE4YTAtZGNlNTIzYzQyMGM2XkEyXkFqcGdeQXVyNjc1NTYyMjg@._V1_UX67_CR0,0,67,98_AL_.jpg",Enter the Dragon,1973,A,102 min,"Action, Crime, Drama",7.7,A secret agent comes to an opium lord's island fortress with other fighters for a martial-arts tournament.,83,Robert Clouse,Bruce Lee,John Saxon,Jim Kelly,Ahna Capri,96561,"25,000,000"
"https://m.media-amazon.com/images/M/MV5BZjBhYzU3NWItOWZjMy00NjI5LWFmYmItZmIyOWFlMDIxMWNiXkEyXkFqcGdeQXVyMTQxNzMzNDI@._V1_UX67_CR0,0,67,98_AL_.jpg",Deliverance,1972,U,109 min,"Adventure, Drama, Thriller",7.7,"Intent on seeing the Cahulawassee River before it's dammed and turned into a lake, outdoor fanatic Lewis Medlock takes his friends on a canoeing trip they'll never forget into the dangerous American back-country.",80,John Boorman,Jon Voight,Burt Reynolds,Ned Beatty,Ronny Cox,98740,"7,056,013"
"https://m.media-amazon.com/images/M/MV5BOTZhY2E3NmItMGIwNi00OTA2LThkYmEtODFiZTM0NGI0ZWU5XkEyXkFqcGdeQXVyNTc1NTQxODI@._V1_UY98_CR1,0,67,98_AL_.jpg",The French Connection,1971,A,104 min,"Action, Crime, Drama",7.7,A pair of NYC cops in the Narcotics Bureau stumble onto a drug smuggling job with a French connection.,94,William Friedkin,Gene Hackman,Roy Scheider,Fernando Rey,Tony Lo Bianco,110075,"15,630,710"
"https://m.media-amazon.com/images/M/MV5BMzdhMTM2YTItOWU2YS00MTM0LTgyNDYtMDM1OWM3NzkzNTM2XkEyXkFqcGdeQXVyNjc1NTYyMjg@._V1_UX67_CR0,0,67,98_AL_.jpg",Dirty Harry,1971,A,102 min,"Action, Crime, Thriller",7.7,"When a madman calling himself ""the Scorpio Killer"" menaces the city, tough-as-nails San Francisco Police Inspector ""Dirty"" Harry Callahan is assigned to track down and ferret out the crazed psychopath.",90,Don Siegel,Clint Eastwood,Andrew Robinson,Harry Guardino,Reni Santoni,143292,"35,900,000"
"https://m.media-amazon.com/images/M/MV5BNGE3ZWZiNzktMDIyOC00ZmVhLThjZTktZjQ5NjI4NGVhMDBlXkEyXkFqcGdeQXVyMjI4MjA5MzA@._V1_UX67_CR0,0,67,98_AL_.jpg",Where Eagles Dare,1968,U,158 min,"Action, Adventure, War",7.7,"Allied agents stage a daring raid on a castle where the Nazis are holding American brigadier general George Carnaby prisoner, but that's not all that's really going on.",63,Brian G. Hutton,Richard Burton,Clint Eastwood,Mary Ure,Patrick Wymark,51913,
"https://m.media-amazon.com/images/M/MV5BZDVhNzQxZDEtMzcyZC00ZDg1LWFkZDctOWYxZTY0ZmYzYjc2XkEyXkFqcGdeQXVyMjA0MDQ0Mjc@._V1_UX67_CR0,0,67,98_AL_.jpg",The Odd Couple,1968,G,105 min,Comedy,7.7,"Two friends try sharing an apartment, but their ideas of housekeeping and lifestyles are as different as night and day.",86,Gene Saks,Jack Lemmon,Walter Matthau,John Fiedler,Herb Edelman,31572,"44,527,234"
"https://m.media-amazon.com/images/M/MV5BM2Y1ZTI0NzktYzU3MS00YmE1LThkY2EtMDc0NGYxNTNlZDA5XkEyXkFqcGdeQXVyNTAyODkwOQ@@._V1_UX67_CR0,0,67,98_AL_.jpg",The Dirty Dozen,1967,,150 min,"Action, Adventure, War",7.7,"During World War II, a rebellious U.S. Army Major is assigned a dozen convicted murderers to train and lead them into a mass assassination mission of German officers.",73,Robert Aldrich,Lee Marvin,Ernest Borgnine,Charles Bronson,John Cassavetes,67183,"45,300,000"
"https://m.media-amazon.com/images/M/MV5BZjNkNGJjYWEtM2IyNi00ZjM5LWFlYjYtYjQ4NTU5MGFlMTI2XkEyXkFqcGdeQXVyMTMxMTY0OTQ@._V1_UY98_CR3,0,67,98_AL_.jpg",Belle de jour,1967,A,100 min,"Drama, Romance",7.7,A frigid young housewife decides to spend her midweek afternoons as a prostitute.,,Luis Buñuel,Catherine Deneuve,Jean Sorel,Michel Piccoli,Geneviève Page,40274,"26,331"
"https://m.media-amazon.com/images/M/MV5BMTRjOTA1NzctNzFmMy00ZjcwLWExYjgtYWQyZDM5ZWY1Y2JlXkEyXkFqcGdeQXVyMDI2NDg0NQ@@._V1_UX67_CR0,0,67,98_AL_.jpg",A Man for All Seasons,1966,U,120 min,"Biography, Drama, History",7.7,"The story of Sir Thomas More, who stood up to King Henry VIII when the King rejected the Roman Catholic Church to obtain a divorce and remarry.",72,Fred Zinnemann,Paul Scofield,Wendy Hiller,Robert Shaw,Leo McKern,31222,"28,350,000"
"https://m.media-amazon.com/images/M/MV5BZTU5ZThjNzAtNjc4NC00OTViLWIxYTYtODFmMTk5Y2NjZjZiL2ltYWdlL2ltYWdlXkEyXkFqcGdeQXVyNjc1NTYyMjg@._V1_UX67_CR0,0,67,98_AL_.jpg",Repulsion,1965,,105 min,"Drama, Horror, Thriller",7.7,A sex-repulsed woman who disapproves of her sister's boyfriend sinks into depression and has horrific visions of rape and violence.,91,Roman Polanski,Catherine Deneuve,Ian Hendry,John Fraser,Yvonne Furneaux,48883,
"https://m.media-amazon.com/images/M/MV5BYzdlYmQ3MWMtMDY3My00MzVmLTg0YmMtYjRlZDUzNjBlMmE0L2ltYWdlL2ltYWdlXkEyXkFqcGdeQXVyNjc1NTYyMjg@._V1_UX67_CR0,0,67,98_AL_.jpg",Zulu,1964,U,138 min,"Drama, History, War",7.7,Outnumbered British soldiers do battle with Zulu warriors at Rorke's Drift.,77,Cy Endfield,Stanley Baker,Jack Hawkins,Ulla Jacobsson,James Booth,35999,
"https://m.media-amazon.com/images/M/MV5BMTQ2MzE0OTU3NV5BMl5BanBnXkFtZTcwNjQxNTgzNA@@._V1_UX67_CR0,0,67,98_AL_.jpg",Goldfinger,1964,A,110 min,"Action, Adventure, Thriller",7.7,"While investigating a gold magnate's smuggling, James Bond uncovers a plot to contaminate the Fort Knox gold reserve.",87,Guy Hamilton,Sean Connery,Gert Fröbe,Honor Blackman,Shirley Eaton,174119,"51,081,062"
"https://m.media-amazon.com/images/M/MV5BMTAxNDA1ODc5MDleQTJeQWpwZ15BbWU4MDg2MDA4OTEx._V1_UX67_CR0,0,67,98_AL_.jpg",The Birds,1963,A,119 min,"Drama, Horror, Mystery",7.7,A wealthy San Francisco socialite pursues a potential boyfriend to a small Northern California town that slowly takes a turn for the bizarre when birds of all kinds suddenly begin to attack people.,90,Alfred Hitchcock,Rod Taylor,Tippi Hedren,Jessica Tandy,Suzanne Pleshette,171739,"11,403,529"
"https://m.media-amazon.com/images/M/MV5BOWNlMTJmMWUtYjk0MC00M2U4LWI1ODItZDgxNDZiODFmNjc5XkEyXkFqcGdeQXVyMTAwMzUyOTc@._V1_UX67_CR0,0,67,98_AL_.jpg",Cape Fear,1962,Passed,106 min,"Drama, Thriller",7.7,A lawyer's family is stalked by a man he once helped put in jail.,76,J. Lee Thompson,Gregory Peck,Robert Mitchum,Polly Bergen,Lori Martin,26457,
"https://m.media-amazon.com/images/M/MV5BZjM3ZTAzZDYtZmFjZS00YmQ1LWJlOWEtN2I4MDRmYzY5YmRlL2ltYWdlXkEyXkFqcGdeQXVyMjgyNjk3MzE@._V1_UX67_CR0,0,67,98_AL_.jpg",Peeping Tom,1960,,101 min,"Drama, Horror, Thriller",7.7,"A young man murders women, using a movie camera to film their dying expressions of terror.",,Michael Powell,Karlheinz Böhm,Anna Massey,Moira Shearer,Maxine Audley,31354,"83,957"
"https://m.media-amazon.com/images/M/MV5BMzYyNzU0MTM1OF5BMl5BanBnXkFtZTcwMzE1ODE1NA@@._V1_UX67_CR0,0,67,98_AL_.jpg",The Magnificent Seven,1960,Approved,128 min,"Action, Adventure, Western",7.7,Seven gunfighters are hired by Mexican peasants to liberate their village from oppressive bandits.,74,John Sturges,Yul Brynner,Steve McQueen,Charles Bronson,Eli Wallach,87719,"4,905,000"
"https://m.media-amazon.com/images/M/MV5BNzBiMWRhNzQtMjZhZS00NzFmLWE5YWMtOWY4NzIxMjYzZTEyXkEyXkFqcGdeQXVyMzg2MzE2OTE@._V1_UY98_CR3,0,67,98_AL_.jpg",Les yeux sans visage,1960,,90 min,"Drama, Horror",7.7,"A surgeon causes an accident which leaves his daughter disfigured, and goes to extremes to give her a new face.",90,Georges Franju,Pierre Brasseur,Alida Valli,Juliette Mayniel,Alexandre Rignault,27620,"52,709"
"https://m.media-amazon.com/images/M/MV5BYTExYjM3MDYtMzg4MC00MjU4LTljZjAtYzdlMTFmYTJmYTE4XkEyXkFqcGdeQXVyNTAyODkwOQ@@._V1_UX67_CR0,0,67,98_AL_.jpg",Invasion of the Body Snatchers,1956,Approved,80 min,"Drama, Horror, Sci-Fi",7.7,A small-town doctor learns that the population of his community is being replaced by emotionless alien duplicates.,92,Don Siegel,Kevin McCarthy,Dana Wynter,Larry Gates,King Donovan,44839,
"https://m.media-amazon.com/images/M/MV5BMTg2ODcxOTU1OV5BMl5BanBnXkFtZTgwNzA3ODI1MDE@._V1_UX67_CR0,0,67,98_AL_.jpg",Rebel Without a Cause,1955,PG-13,111 min,Drama,7.7,"A rebellious young man with a troubled past comes to a new town, finding friends and enemies.",89,Nicholas Ray,James Dean,Natalie Wood,Sal Mineo,Jim Backus,83363,
"https://m.media-amazon.com/images/M/MV5BYTVlM2JmOGQtNWEwYy00NDQzLWIyZmEtOGZhMzgxZGRjZDA0XkEyXkFqcGdeQXVyMDI2NDg0NQ@@._V1_UX67_CR0,0,67,98_AL_.jpg",The Ladykillers,1955,,91 min,"Comedy, Crime",7.7,Five oddball criminals planning a bank robbery rent rooms on a cul-de-sac from an octogenarian widow under the pretext that they are classical musicians.,91,Alexander Mackendrick,Alec Guinness,Peter Sellers,Cecil Parker,Herbert Lom,26464,
"https://m.media-amazon.com/images/M/MV5BYmFlNTA1NWItODQxNC00YjFmLWE3ZWYtMzg3YTkwYmMxMjY2XkEyXkFqcGdeQXVyMTMxMTY0OTQ@._V1_UX67_CR0,0,67,98_AL_.jpg",Sabrina,1954,Passed,113 min,"Comedy, Drama, Romance",7.7,"A playboy becomes interested in the daughter of his family's chauffeur, but it's his more serious brother who would be the better man for her.",72,Billy Wilder,Humphrey Bogart,Audrey Hepburn,William Holden,Walter Hampden,59415,
"https://m.media-amazon.com/images/M/MV5BMWM1ZDhlM2MtNDNmMi00MDk4LTg5MjgtODE4ODk1MjYxOTIwXkEyXkFqcGdeQXVyNjc0MzMzNjA@._V1_UX67_CR0,0,67,98_AL_.jpg",The Quiet Man,1952,Passed,129 min,"Comedy, Drama, Romance",7.7,"A retired American boxer returns to the village of his birth in Ireland, where he falls for a spirited redhead whose brother is contemptuous of their union.",,John Ford,John Wayne,Maureen O'Hara,Barry Fitzgerald,Ward Bond,34677,"10,550,000"
"https://m.media-amazon.com/images/M/MV5BMTU5NTBmYTAtOTgyYi00NGM0LWE0ODctZjNiYWM5MmIxYzE4XkEyXkFqcGdeQXVyNTAyODkwOQ@@._V1_UX67_CR0,0,67,98_AL_.jpg",The Day the Earth Stood Still,1951,U,92 min,"Drama, Sci-Fi",7.7,An alien lands and tells the people of Earth that they must live peacefully or be destroyed as a danger to other planets.,,Robert Wise,Michael Rennie,Patricia Neal,Hugh Marlowe,Sam Jaffe,76315,
"https://m.media-amazon.com/images/M/MV5BYzM3YjE2NGMtODY3Zi00NTY0LWE4Y2EtMTE5YzNmM2U1NTg2XkEyXkFqcGdeQXVyMTY5Nzc4MDY@._V1_UX67_CR0,0,67,98_AL_.jpg",The African Queen,1951,PG,105 min,"Adventure, Drama, Romance",7.7,"In WWI Africa, a gin-swilling riverboat captain is persuaded by a strait-laced missionary to use his boat to attack an enemy warship.",91,John Huston,Humphrey Bogart,Katharine Hepburn,Robert Morley,Peter Bull,71481,"536,118"
"https://m.media-amazon.com/images/M/MV5BYWUxMzViZTUtNTYxNy00YjY4LWJmMjYtMzNlOThjNjhiZmZkXkEyXkFqcGdeQXVyMDI2NDg0NQ@@._V1_UX67_CR0,0,67,98_AL_.jpg",Gilda,1946,Approved,110 min,"Drama, Film-Noir, Romance",7.7,A small-time gambler hired to work in a Buenos Aires casino discovers his employer's new wife is his former lover.,,Charles Vidor,Rita Hayworth,Glenn Ford,George Macready,Joseph Calleia,27991,
"https://m.media-amazon.com/images/M/MV5BMjAxMTI1Njk3OF5BMl5BanBnXkFtZTgwNjkzODk4NTE@._V1_UX67_CR0,0,67,98_AL_.jpg",Fantasia,1940,G,125 min,"Animation, Family, Fantasy",7.7,A collection of animated interpretations of great works of Western classical music.,96,James Algar,Samuel Armstrong,Ford Beebe Jr.,Norman Ferguson,David Hand,88662,"76,408,097"
"https://m.media-amazon.com/images/M/MV5BYjllMmE0Y2YtYWIwZi00OWY1LWJhNWItYzM2MmNiYmFiZmRmXkEyXkFqcGdeQXVyNjc1NTYyMjg@._V1_UX67_CR0,0,67,98_AL_.jpg",The Invisible Man,1933,TV-PG,71 min,"Horror, Sci-Fi",7.7,"A scientist finds a way of becoming invisible, but in doing so, he becomes murderously insane.",87,James Whale,Claude Rains,Gloria Stuart,William Harrigan,Henry Travers,30683,
"https://m.media-amazon.com/images/M/MV5BODQ0M2Y5M2QtZGIwMC00MzJjLThlMzYtNmE3ZTMzZTYzOGEwXkEyXkFqcGdeQXVyMTkxNjUyNQ@@._V1_UX67_CR0,0,67,98_AL_.jpg",Dark Waters,2019,PG-13,126 min,"Biography, Drama, History",7.6,A corporate defense attorney takes on an environmental lawsuit against a chemical company that exposes a lengthy history of pollution.,73,Todd Haynes,Mark Ruffalo,Anne Hathaway,Tim Robbins,Bill Pullman,60408,
"https://m.media-amazon.com/images/M/MV5BMjIwOTA3NDI3MF5BMl5BanBnXkFtZTgwNzIzMzA5NTM@._V1_UX67_CR0,0,67,98_AL_.jpg",Searching,2018,U/A,102 min,"Drama, Mystery, Thriller",7.6,"After his teenage daughter goes missing, a desperate father tries to find clues on her laptop.",71,Aneesh Chaganty,John Cho,Debra Messing,Joseph Lee,Michelle La,140840,"26,020,957"
"https://m.media-amazon.com/images/M/MV5BOTg4ZTNkZmUtMzNlZi00YmFjLTk1MmUtNWQwNTM0YjcyNTNkXkEyXkFqcGdeQXVyNjg2NjQwMDQ@._V1_UX67_CR0,0,67,98_AL_.jpg",Once Upon a Time... in Hollywood,2019,A,161 min,"Comedy, Drama",7.6,A faded television actor and his stunt double strive to achieve fame and success in the final years of Hollywood's Golden Age in 1969 Los Angeles.,83,Quentin Tarantino,Leonardo DiCaprio,Brad Pitt,Margot Robbie,Emile Hirsch,551309,"142,502,728"
"https://m.media-amazon.com/images/M/MV5BNzk2NmU3NmEtMTVhNS00NzJhLWE1M2ItMThjZjI5NWM3YmFmXkEyXkFqcGdeQXVyMjA1MzUyODk@._V1_UY98_CR1,0,67,98_AL_.jpg",Nelyubov,2017,R,127 min,Drama,7.6,A couple going through a divorce must team up to find their son who has disappeared during one of their bitter arguments.,86,Andrey Zvyagintsev,Maryana Spivak,Aleksey Rozin,Matvey Novikov,Marina Vasileva,29765,"566,356"
"https://m.media-amazon.com/images/M/MV5BMjg4ZmY1MmItMjFjOS00ZTg2LWJjNDYtNDM2YmM2NzhiNmZhXkEyXkFqcGdeQXVyNTAzMTY4MDA@._V1_UX67_CR0,0,67,98_AL_.jpg",The Florida Project,2017,A,111 min,Drama,7.6,"Set over one summer, the film follows precocious six-year-old Moonee as she courts mischief and adventure with her ragtag playmates and bonds with her rebellious but caring mother, all while living in the shadows of Walt Disney World.",92,Sean Baker,Brooklynn Prince,Bria Vinaite,Willem Dafoe,Christopher Rivera,95181,"5,904,366"
"https://m.media-amazon.com/images/M/MV5BYmM4YzA5NjUtZGEyOS00YzllLWJmM2UtZjhhNmJhM2E1NjUxXkEyXkFqcGdeQXVyMTkxNjUyNQ@@._V1_UX67_CR0,0,67,98_AL_.jpg",Just Mercy,2019,A,137 min,"Biography, Crime, Drama",7.6,World-renowned civil rights defense attorney Bryan Stevenson works to free a wrongly condemned death row prisoner.,68,Destin Daniel Cretton,Michael B. Jordan,Jamie Foxx,Brie Larson,Charlie Pye Jr.,46739,
"https://m.media-amazon.com/images/M/MV5BMjQ2NDU3NDE0M15BMl5BanBnXkFtZTgwMjA3OTg0MDI@._V1_UX67_CR0,0,67,98_AL_.jpg",Gifted,2017,PG-13,101 min,Drama,7.6,"Frank, a single man raising his child prodigy niece Mary, is drawn into a custody battle with his mother.",60,Marc Webb,Chris Evans,Mckenna Grace,Lindsay Duncan,Octavia Spencer,99643,"24,801,212"
"https://m.media-amazon.com/images/M/MV5BOWVmZGQ0MGYtMDI1Yy00MDkxLWJiYjQtMmZjZmQ0NDFmMDRhXkEyXkFqcGdeQXVyNjg3MDMxNzU@._V1_UX67_CR0,0,67,98_AL_.jpg",The Peanut Butter Falcon,2019,PG-13,97 min,"Adventure, Comedy, Drama",7.6,Zak runs away from his care home to make his dream of becoming a wrestler come true.,70,Tyler Nilson,Michael Schwartz,Zack Gottsagen,Ann Owens,Dakota Johnson,66346,"13,122,642"
"https://m.media-amazon.com/images/M/MV5BMTc5NzQzNjk2NF5BMl5BanBnXkFtZTgwODU0MjI5NjE@._V1_UY98_CR0,0,67,98_AL_.jpg",Victoria,2015,,138 min,"Crime, Drama, Romance",7.6,A young Spanish woman who has recently moved to Berlin finds her flirtation with a local guy turn potentially deadly as their night out with his friends reveals a dangerous secret.,77,Sebastian Schipper,Laia Costa,Frederick Lau,Franz Rogowski,Burak Yigit,52903,
"https://m.media-amazon.com/images/M/MV5BMTkwODUzODA0OV5BMl5BanBnXkFtZTgwMTA3ODkxNzE@._V1_UY98_CR0,0,67,98_AL_.jpg",Mustang,2015,PG-13,97 min,Drama,7.6,"When five orphan girls are seen innocently playing with boys on a beach, their scandalized conservative guardians confine them while forced marriages are arranged.",83,Deniz Gamze Ergüven,Günes Sensoy,Doga Zeynep Doguslu,Tugba Sunguroglu,Elit Iscan,35785,"845,464"
"https://m.media-amazon.com/images/M/MV5BNjM0NTc0NzItM2FlYS00YzEwLWE0YmUtNTA2ZWIzODc2OTgxXkEyXkFqcGdeQXVyNTgwNzIyNzg@._V1_UX67_CR0,0,67,98_AL_.jpg",Guardians of the Galaxy Vol. 2,2017,UA,136 min,"Action, Adventure, Comedy",7.6,"The Guardians struggle to keep together as a team while dealing with their personal family issues, notably Star-Lord's encounter with his father the ambitious celestial being Ego.",67,James Gunn,Chris Pratt,Zoe Saldana,Dave Bautista,Vin Diesel,569974,"389,813,101"
"https://m.media-amazon.com/images/M/MV5BMjM3MjQ1MzkxNl5BMl5BanBnXkFtZTgwODk1ODgyMjI@._V1_UX67_CR0,0,67,98_AL_.jpg",Baby Driver,2017,UA,113 min,"Action, Crime, Drama",7.6,"After being coerced into working for a crime boss, a young getaway driver finds himself taking part in a heist doomed to fail.",86,Edgar Wright,Ansel Elgort,Jon Bernthal,Jon Hamm,Eiza González,439406,"107,825,862"
"https://m.media-amazon.com/images/M/MV5BYWFlOWI3YTMtYTk3NS00YWQ2LTlmYTMtZjk0ZDk4Y2NjODI0XkEyXkFqcGdeQXVyNTQxNTQ4Mg@@._V1_UX67_CR0,0,67,98_AL_.jpg",Only the Brave,2017,UA,134 min,"Action, Biography, Drama",7.6,"Based on the true story of the Granite Mountain Hotshots, a group of elite firefighters who risk everything to protect a town from a historic wildfire.",72,Joseph Kosinski,Josh Brolin,Miles Teller,Jeff Bridges,Jennifer Connelly,58371,"18,340,051"
"https://m.media-amazon.com/images/M/MV5BMjIxOTI0MjU5NV5BMl5BanBnXkFtZTgwNzM4OTk4NTE@._V1_UX67_CR0,0,67,98_AL_.jpg",Bridge of Spies,2015,UA,142 min,"Drama, History, Thriller",7.6,"During the Cold War, an American lawyer is recruited to defend an arrested Soviet spy in court, and then help the CIA facilitate an exchange of the spy for the Soviet captured American U2 spy plane pilot, Francis Gary Powers.",81,Steven Spielberg,Tom Hanks,Mark Rylance,Alan Alda,Amy Ryan,287659,"72,313,754"
"https://m.media-amazon.com/images/M/MV5BMTEzNzY0OTg0NTdeQTJeQWpwZ15BbWU4MDU3OTg3MjUz._V1_UX67_CR0,0,67,98_AL_.jpg",Incredibles 2,2018,UA,118 min,"Animation, Action, Adventure",7.6,The Incredibles family takes on a new mission which involves a change in family roles: Bob Parr (Mr. Incredible) must manage the house while his wife Helen (Elastigirl) goes out to save the world.,80,Brad Bird,Craig T. Nelson,Holly Hunter,Sarah Vowell,Huck Milner,250057,"608,581,744"
"https://m.media-amazon.com/images/M/MV5BMjI4MzU5NTExNF5BMl5BanBnXkFtZTgwNzY1MTEwMDI@._V1_UX67_CR0,0,67,98_AL_.jpg",Moana,2016,U,107 min,"Animation, Adventure, Comedy",7.6,"In Ancient Polynesia, when a terrible curse incurred by the Demigod Maui reaches Moana's island, she answers the Ocean's call to seek out the Demigod to set things right.",81,Ron Clements,John Musker,Don Hall,Chris Williams,Auli'i Cravalho,272784,"248,757,044"
"https://m.media-amazon.com/images/M/MV5BMjA5NjM3NTk1M15BMl5BanBnXkFtZTgwMzg1MzU2NjE@._V1_UX67_CR0,0,67,98_AL_.jpg",Sicario,2015,A,121 min,"Action, Crime, Drama",7.6,An idealistic FBI agent is enlisted by a government task force to aid in the escalating war against drugs at the border area between the U.S. and Mexico.,82,Denis Villeneuve,Emily Blunt,Josh Brolin,Benicio Del Toro,Jon Bernthal,371291,"46,889,293"
"https://m.media-amazon.com/images/M/MV5BNmZkYjQzY2QtNjdkNC00YjkzLTk5NjUtY2MyNDNiYTBhN2M2XkEyXkFqcGdeQXVyMjMwNDgzNjc@._V1_UX67_CR0,0,67,98_AL_.jpg",Creed,2015,A,133 min,"Drama, Sport",7.6,"The former World Heavyweight Champion Rocky Balboa serves as a trainer and mentor to Adonis Johnson, the son of his late friend and former rival Apollo Creed.",82,Ryan Coogler,Michael B. Jordan,Sylvester Stallone,Tessa Thompson,Phylicia Rashad,247666,"109,767,581"
"https://m.media-amazon.com/images/M/MV5BYTYxZjQ2YTktNmVkMC00ZTY4LThkZmItMDc4MTJiYjVhZjM0L2ltYWdlXkEyXkFqcGdeQXVyMjgyNjk3MzE@._V1_UY98_CR1,0,67,98_AL_.jpg",Leviafan,2014,R,140 min,"Crime, Drama",7.6,"In a Russian coastal town, Kolya is forced to fight the corrupt mayor when he is told that his house will be demolished. He recruits a lawyer friend to help, but the man's arrival brings further misfortune for Kolya and his family.",92,Andrey Zvyagintsev,Aleksey Serebryakov,Elena Lyadova,Roman Madyanov,Vladimir Vdovichenkov,49397,"1,092,800"
"https://m.media-amazon.com/images/M/MV5BMTg4NDA1OTA5NF5BMl5BanBnXkFtZTgwMDQ2MDM5ODE@._V1_UX67_CR0,0,67,98_AL_.jpg",Hell or High Water,2016,R,102 min,"Action, Crime, Drama",7.6,A divorced father and his ex-con older brother resort to a desperate scheme in order to save their family's ranch in West Texas.,88,David Mackenzie,Chris Pine,Ben Foster,Jeff Bridges,Gil Birmingham,204175,"26,862,450"
"https://m.media-amazon.com/images/M/MV5BMjA5ODgyNzcxMV5BMl5BanBnXkFtZTgwMzkzOTYzMDE@._V1_UX67_CR0,0,67,98_AL_.jpg",Philomena,2013,PG-13,98 min,"Biography, Comedy, Drama",7.6,"A world-weary political journalist picks up the story of a woman's search for her son, who was taken away from her decades ago after she became pregnant and was forced to live in a convent.",77,Stephen Frears,Judi Dench,Steve Coogan,Sophie Kennedy Clark,Mare Winningham,94212,"37,707,719"
"https://m.media-amazon.com/images/M/MV5BMTgwODk3NDc1N15BMl5BanBnXkFtZTgwNTc1NjQwMjE@._V1_UX67_CR0,0,67,98_AL_.jpg",Dawn of the Planet of the Apes,2014,UA,130 min,"Action, Adventure, Drama",7.6,A growing nation of genetically evolved apes led by Caesar is threatened by a band of human survivors of the devastating virus unleashed a decade earlier.,79,Matt Reeves,Gary Oldman,Keri Russell,Andy Serkis,Kodi Smit-McPhee,411599,"208,545,589"
